Heart rate,Timestamp,Date,Time,
59,1574064072383,"Nov 18, 2019",12:01:12 AM,
57,1574064191237,"Nov 18, 2019",12:03:11 AM,
60,1574064311673,"Nov 18, 2019",12:05:11 AM,
59,1574064432117,"Nov 18, 2019",12:07:12 AM,
63,1574064552164,"Nov 18, 2019",12:09:12 AM,
63,1574064671813,"Nov 18, 2019",12:11:11 AM,
59,1574064792181,"Nov 18, 2019",12:13:12 AM,
58,1574064911096,"Nov 18, 2019",12:15:11 AM,
60,1574065031149,"Nov 18, 2019",12:17:11 AM,
59,1574065151986,"Nov 18, 2019",12:19:11 AM,
63,1574065272025,"Nov 18, 2019",12:21:12 AM,
60,1574065392870,"Nov 18, 2019",12:23:12 AM,
60,1574065511326,"Nov 18, 2019",12:25:11 AM,
59,1574065632164,"Nov 18, 2019",12:27:12 AM,
63,1574065752211,"Nov 18, 2019",12:29:12 AM,
63,1574065871826,"Nov 18, 2019",12:31:11 AM,
60,1574065991901,"Nov 18, 2019",12:33:11 AM,
59,1574066112343,"Nov 18, 2019",12:35:12 AM,
62,1574066231985,"Nov 18, 2019",12:37:11 AM,
63,1574066351644,"Nov 18, 2019",12:39:11 AM,
60,1574066472474,"Nov 18, 2019",12:41:12 AM,
60,1574066592859,"Nov 18, 2019",12:43:12 AM,
77,1574066711698,"Nov 18, 2019",12:45:11 AM,
84,1574066713288,"Nov 18, 2019",12:45:13 AM,
69,1574066831738,"Nov 18, 2019",12:47:11 AM,
90,1574066865946,"Nov 18, 2019",12:47:45 AM,
92,1574066867131,"Nov 18, 2019",12:47:47 AM,
96,1574066869098,"Nov 18, 2019",12:47:49 AM,
96,1574066874345,"Nov 18, 2019",12:47:54 AM,
65,1574066891016,"Nov 18, 2019",12:48:11 AM,
107,1574066978887,"Nov 18, 2019",12:49:38 AM,
114,1574066980069,"Nov 18, 2019",12:49:40 AM,
115,1574066982065,"Nov 18, 2019",12:49:42 AM,
115,1574066987175,"Nov 18, 2019",12:49:47 AM,
114,1574066989177,"Nov 18, 2019",12:49:49 AM,
115,1574066990016,"Nov 18, 2019",12:49:50 AM,
114,1574066991141,"Nov 18, 2019",12:49:51 AM,
114,1574066996379,"Nov 18, 2019",12:49:56 AM,
114,1574067001148,"Nov 18, 2019",12:50:01 AM,
114,1574067006714,"Nov 18, 2019",12:50:06 AM,
114,1574067012277,"Nov 18, 2019",12:50:12 AM,
114,1574067017445,"Nov 18, 2019",12:50:17 AM,
114,1574067022202,"Nov 18, 2019",12:50:22 AM,
113,1574067026195,"Nov 18, 2019",12:50:26 AM,
113,1574067031355,"Nov 18, 2019",12:50:31 AM,
113,1574067036146,"Nov 18, 2019",12:50:36 AM,
113,1574067041690,"Nov 18, 2019",12:50:41 AM,
113,1574067047252,"Nov 18, 2019",12:50:47 AM,
112,1574067052425,"Nov 18, 2019",12:50:52 AM,
111,1574067052822,"Nov 18, 2019",12:50:52 AM,
112,1574067054408,"Nov 18, 2019",12:50:54 AM,
111,1574067055603,"Nov 18, 2019",12:50:55 AM,
111,1574067061564,"Nov 18, 2019",12:51:01 AM,
111,1574067066338,"Nov 18, 2019",12:51:06 AM,
111,1574067071108,"Nov 18, 2019",12:51:11 AM,
50,1574067090195,"Nov 18, 2019",12:51:30 AM,
76,1574067090984,"Nov 18, 2019",12:51:30 AM,
78,1574067092109,"Nov 18, 2019",12:51:32 AM,
78,1574067096949,"Nov 18, 2019",12:51:36 AM,
78,1574067102109,"Nov 18, 2019",12:51:42 AM,
78,1574067108467,"Nov 18, 2019",12:51:48 AM,
77,1574067108870,"Nov 18, 2019",12:51:48 AM,
77,1574067115231,"Nov 18, 2019",12:51:55 AM,
77,1574067120391,"Nov 18, 2019",12:52:00 AM,
77,1574067125167,"Nov 18, 2019",12:52:05 AM,
76,1574067125975,"Nov 18, 2019",12:52:05 AM,
77,1574067129536,"Nov 18, 2019",12:52:09 AM,
82,1574067129879,"Nov 18, 2019",12:52:09 AM,
84,1574067132719,"Nov 18, 2019",12:52:12 AM,
83,1574067137093,"Nov 18, 2019",12:52:17 AM,
85,1574067139102,"Nov 18, 2019",12:52:19 AM,
84,1574067139893,"Nov 18, 2019",12:52:19 AM,
85,1574067141465,"Nov 18, 2019",12:52:21 AM,
85,1574067146240,"Nov 18, 2019",12:52:26 AM,
85,1574067151006,"Nov 18, 2019",12:52:31 AM,
85,1574067157374,"Nov 18, 2019",12:52:37 AM,
86,1574067160941,"Nov 18, 2019",12:52:40 AM,
85,1574067162136,"Nov 18, 2019",12:52:42 AM,
76,1574067300462,"Nov 18, 2019",12:55:00 AM,
77,1574067313512,"Nov 18, 2019",12:55:13 AM,
80,1574067315179,"Nov 18, 2019",12:55:15 AM,
77,1574067317167,"Nov 18, 2019",12:55:17 AM,
74,1574067317959,"Nov 18, 2019",12:55:17 AM,
74,1574067324298,"Nov 18, 2019",12:55:24 AM,
73,1574067325117,"Nov 18, 2019",12:55:25 AM,
73,1574067331069,"Nov 18, 2019",12:55:31 AM,
73,1574067336230,"Nov 18, 2019",12:55:36 AM,
74,1574067340211,"Nov 18, 2019",12:55:40 AM,
75,1574067342988,"Nov 18, 2019",12:55:42 AM,
76,1574067345376,"Nov 18, 2019",12:55:45 AM,
81,1574067345778,"Nov 18, 2019",12:55:45 AM,
78,1574067347363,"Nov 18, 2019",12:55:47 AM,
79,1574067348960,"Nov 18, 2019",12:55:48 AM,
78,1574067350548,"Nov 18, 2019",12:55:50 AM,
79,1574067352141,"Nov 18, 2019",12:55:52 AM,
78,1574067352937,"Nov 18, 2019",12:55:52 AM,
78,1574067359288,"Nov 18, 2019",12:55:59 AM,
78,1574067364064,"Nov 18, 2019",12:56:04 AM,
78,1574067370026,"Nov 18, 2019",12:56:10 AM,
79,1574067375585,"Nov 18, 2019",12:56:15 AM,
78,1574067376783,"Nov 18, 2019",12:56:16 AM,
79,1574067382348,"Nov 18, 2019",12:56:22 AM,
79,1574067387118,"Nov 18, 2019",12:56:27 AM,
79,1574067392308,"Nov 18, 2019",12:56:32 AM,
74,1574067411766,"Nov 18, 2019",12:56:51 AM,
74,1574067413355,"Nov 18, 2019",12:56:53 AM,
70,1574067416131,"Nov 18, 2019",12:56:56 AM,
70,1574067422503,"Nov 18, 2019",12:57:02 AM,
75,1574067439985,"Nov 18, 2019",12:57:19 AM,
70,1574067495963,"Nov 18, 2019",12:58:15 AM,
70,1574067502322,"Nov 18, 2019",12:58:22 AM,
70,1574067507092,"Nov 18, 2019",12:58:27 AM,
70,1574067512260,"Nov 18, 2019",12:58:32 AM,
70,1574067517030,"Nov 18, 2019",12:58:37 AM,
70,1574067523391,"Nov 18, 2019",12:58:43 AM,
75,1574067524185,"Nov 18, 2019",12:58:44 AM,
79,1574067526160,"Nov 18, 2019",12:58:46 AM,
77,1574067526964,"Nov 18, 2019",12:58:46 AM,
78,1574067528174,"Nov 18, 2019",12:58:48 AM,
79,1574067532929,"Nov 18, 2019",12:58:52 AM,
80,1574067533748,"Nov 18, 2019",12:58:53 AM,
81,1574067535389,"Nov 18, 2019",12:58:55 AM,
82,1574067536571,"Nov 18, 2019",12:58:56 AM,
87,1574067538169,"Nov 18, 2019",12:58:58 AM,
91,1574067540104,"Nov 18, 2019",12:59:00 AM,
95,1574067540880,"Nov 18, 2019",12:59:00 AM,
93,1574067542079,"Nov 18, 2019",12:59:02 AM,
94,1574067543664,"Nov 18, 2019",12:59:03 AM,
94,1574067549299,"Nov 18, 2019",12:59:09 AM,
94,1574067554071,"Nov 18, 2019",12:59:14 AM,
94,1574067559215,"Nov 18, 2019",12:59:19 AM,
93,1574067563152,"Nov 18, 2019",12:59:23 AM,
95,1574067564800,"Nov 18, 2019",12:59:24 AM,
96,1574067565994,"Nov 18, 2019",12:59:25 AM,
95,1574067568376,"Nov 18, 2019",12:59:28 AM,
95,1574067573471,"Nov 18, 2019",12:59:33 AM,
96,1574067578711,"Nov 18, 2019",12:59:38 AM,
95,1574067584277,"Nov 18, 2019",12:59:44 AM,
94,1574067585870,"Nov 18, 2019",12:59:45 AM,
95,1574067587058,"Nov 18, 2019",12:59:47 AM,
96,1574067589042,"Nov 18, 2019",12:59:49 AM,
95,1574067589838,"Nov 18, 2019",12:59:49 AM,
70,1574067672123,"Nov 18, 2019",1:01:12 AM,
72,1574067674909,"Nov 18, 2019",1:01:14 AM,
72,1574067725386,"Nov 18, 2019",1:02:05 AM,
65,1574067798130,"Nov 18, 2019",1:03:18 AM,
67,1574067877235,"Nov 18, 2019",1:04:37 AM,
69,1574067976209,"Nov 18, 2019",1:06:16 AM,
70,1574068016359,"Nov 18, 2019",1:06:56 AM,
44,1574068035032,"Nov 18, 2019",1:07:15 AM,
68,1574068035830,"Nov 18, 2019",1:07:15 AM,
70,1574068037427,"Nov 18, 2019",1:07:17 AM,
80,1574068039414,"Nov 18, 2019",1:07:19 AM,
90,1574068040206,"Nov 18, 2019",1:07:20 AM,
89,1574068042988,"Nov 18, 2019",1:07:22 AM,
88,1574068046965,"Nov 18, 2019",1:07:26 AM,
79,1574068097048,"Nov 18, 2019",1:08:17 AM,
70,1574068098243,"Nov 18, 2019",1:08:18 AM,
77,1574068129235,"Nov 18, 2019",1:08:49 AM,
80,1574068129581,"Nov 18, 2019",1:08:49 AM,
73,1574068134014,"Nov 18, 2019",1:08:54 AM,
74,1574068136004,"Nov 18, 2019",1:08:56 AM,
72,1574068136799,"Nov 18, 2019",1:08:56 AM,
73,1574068138387,"Nov 18, 2019",1:08:58 AM,
73,1574068143159,"Nov 18, 2019",1:09:03 AM,
74,1574068147887,"Nov 18, 2019",1:09:07 AM,
73,1574068152232,"Nov 18, 2019",1:09:12 AM,
72,1574068155081,"Nov 18, 2019",1:09:15 AM,
72,1574068161439,"Nov 18, 2019",1:09:21 AM,
73,1574068161841,"Nov 18, 2019",1:09:21 AM,
74,1574068164223,"Nov 18, 2019",1:09:24 AM,
73,1574068168203,"Nov 18, 2019",1:09:28 AM,
73,1574068173369,"Nov 18, 2019",1:09:33 AM,
78,1574068175288,"Nov 18, 2019",1:09:35 AM,
82,1574068176165,"Nov 18, 2019",1:09:36 AM,
86,1574068178139,"Nov 18, 2019",1:09:38 AM,
84,1574068178948,"Nov 18, 2019",1:09:38 AM,
83,1574068180131,"Nov 18, 2019",1:09:40 AM,
82,1574068182510,"Nov 18, 2019",1:09:42 AM,
81,1574068182909,"Nov 18, 2019",1:09:42 AM,
80,1574068185297,"Nov 18, 2019",1:09:45 AM,
79,1574068185686,"Nov 18, 2019",1:09:45 AM,
78,1574068187283,"Nov 18, 2019",1:09:47 AM,
77,1574068189666,"Nov 18, 2019",1:09:49 AM,
77,1574068194435,"Nov 18, 2019",1:09:54 AM,
72,1574068209547,"Nov 18, 2019",1:10:09 AM,
74,1574068211127,"Nov 18, 2019",1:10:11 AM,
78,1574068213117,"Nov 18, 2019",1:10:13 AM,
65,1574068251675,"Nov 18, 2019",1:10:51 AM,
63,1574068255255,"Nov 18, 2019",1:10:55 AM,
68,1574068258830,"Nov 18, 2019",1:10:58 AM,
67,1574068260024,"Nov 18, 2019",1:11:00 AM,
81,1574068275134,"Nov 18, 2019",1:11:15 AM,
71,1574068331578,"Nov 18, 2019",1:12:11 AM,
75,1574068335149,"Nov 18, 2019",1:12:15 AM,
70,1574068391926,"Nov 18, 2019",1:13:11 AM,
67,1574068393910,"Nov 18, 2019",1:13:13 AM,
64,1574068394733,"Nov 18, 2019",1:13:14 AM,
88,1574068516010,"Nov 18, 2019",1:15:16 AM,
95,1574068518006,"Nov 18, 2019",1:15:18 AM,
66,1574068572061,"Nov 18, 2019",1:16:12 AM,
69,1574068631676,"Nov 18, 2019",1:17:11 AM,
98,1574068663883,"Nov 18, 2019",1:17:43 AM,
95,1574068666271,"Nov 18, 2019",1:17:46 AM,
75,1574068666671,"Nov 18, 2019",1:17:46 AM,
72,1574068668256,"Nov 18, 2019",1:17:48 AM,
71,1574068673029,"Nov 18, 2019",1:17:53 AM,
72,1574068673828,"Nov 18, 2019",1:17:53 AM,
71,1574068675407,"Nov 18, 2019",1:17:55 AM,
76,1574068680179,"Nov 18, 2019",1:18:00 AM,
73,1574068680978,"Nov 18, 2019",1:18:00 AM,
74,1574068682169,"Nov 18, 2019",1:18:02 AM,
74,1574068686938,"Nov 18, 2019",1:18:06 AM,
74,1574068692102,"Nov 18, 2019",1:18:12 AM,
73,1574068696087,"Nov 18, 2019",1:18:16 AM,
71,1574068711577,"Nov 18, 2019",1:18:31 AM,
73,1574068713171,"Nov 18, 2019",1:18:33 AM,
67,1574068816122,"Nov 18, 2019",1:20:16 AM,
71,1574068818114,"Nov 18, 2019",1:20:18 AM,
70,1574068864223,"Nov 18, 2019",1:21:04 AM,
77,1574068868128,"Nov 18, 2019",1:21:08 AM,
78,1574068870970,"Nov 18, 2019",1:21:10 AM,
83,1574068874947,"Nov 18, 2019",1:21:14 AM,
82,1574068876931,"Nov 18, 2019",1:21:16 AM,
70,1574068931787,"Nov 18, 2019",1:22:11 AM,
67,1574068933374,"Nov 18, 2019",1:22:13 AM,
67,1574068938144,"Nov 18, 2019",1:22:18 AM,
72,1574068942528,"Nov 18, 2019",1:22:22 AM,
75,1574068942924,"Nov 18, 2019",1:22:22 AM,
77,1574068945324,"Nov 18, 2019",1:22:25 AM,
78,1574068945708,"Nov 18, 2019",1:22:25 AM,
79,1574068947301,"Nov 18, 2019",1:22:27 AM,
78,1574068949322,"Nov 18, 2019",1:22:29 AM,
78,1574068954456,"Nov 18, 2019",1:22:34 AM,
80,1574068957238,"Nov 18, 2019",1:22:37 AM,
81,1574068959222,"Nov 18, 2019",1:22:39 AM,
83,1574068960019,"Nov 18, 2019",1:22:40 AM,
82,1574068961207,"Nov 18, 2019",1:22:41 AM,
84,1574068963199,"Nov 18, 2019",1:22:43 AM,
83,1574068963995,"Nov 18, 2019",1:22:43 AM,
88,1574068965971,"Nov 18, 2019",1:22:45 AM,
86,1574068966784,"Nov 18, 2019",1:22:46 AM,
91,1574068968363,"Nov 18, 2019",1:22:48 AM,
90,1574068970285,"Nov 18, 2019",1:22:50 AM,
91,1574068971066,"Nov 18, 2019",1:22:51 AM,
92,1574068974247,"Nov 18, 2019",1:22:54 AM,
93,1574068975042,"Nov 18, 2019",1:22:55 AM,
98,1574068976631,"Nov 18, 2019",1:22:56 AM,
95,1574068978631,"Nov 18, 2019",1:22:58 AM,
101,1574068980222,"Nov 18, 2019",1:23:00 AM,
99,1574068981017,"Nov 18, 2019",1:23:01 AM,
100,1574068982211,"Nov 18, 2019",1:23:02 AM,
99,1574068983797,"Nov 18, 2019",1:23:03 AM,
98,1574068986983,"Nov 18, 2019",1:23:06 AM,
99,1574068990556,"Nov 18, 2019",1:23:10 AM,
100,1574068994133,"Nov 18, 2019",1:23:14 AM,
99,1574068998908,"Nov 18, 2019",1:23:18 AM,
98,1574069001287,"Nov 18, 2019",1:23:21 AM,
98,1574069006458,"Nov 18, 2019",1:23:26 AM,
67,1574069022433,"Nov 18, 2019",1:23:42 AM,
74,1574069022762,"Nov 18, 2019",1:23:42 AM,
71,1574069024742,"Nov 18, 2019",1:23:44 AM,
78,1574069025935,"Nov 18, 2019",1:23:45 AM,
80,1574069027194,"Nov 18, 2019",1:23:47 AM,
79,1574069029179,"Nov 18, 2019",1:23:49 AM,
80,1574069029977,"Nov 18, 2019",1:23:49 AM,
79,1574069031962,"Nov 18, 2019",1:23:51 AM,
78,1574069034351,"Nov 18, 2019",1:23:54 AM,
79,1574069037116,"Nov 18, 2019",1:23:57 AM,
80,1574069039927,"Nov 18, 2019",1:23:59 AM,
84,1574069041106,"Nov 18, 2019",1:24:01 AM,
83,1574069043490,"Nov 18, 2019",1:24:03 AM,
84,1574069043889,"Nov 18, 2019",1:24:03 AM,
82,1574069046276,"Nov 18, 2019",1:24:06 AM,
88,1574069046666,"Nov 18, 2019",1:24:06 AM,
100,1574069111860,"Nov 18, 2019",1:25:11 AM,
102,1574069114244,"Nov 18, 2019",1:25:14 AM,
105,1574069116948,"Nov 18, 2019",1:25:16 AM,
104,1574069118152,"Nov 18, 2019",1:25:18 AM,
105,1574069119742,"Nov 18, 2019",1:25:19 AM,
105,1574069125308,"Nov 18, 2019",1:25:25 AM,
106,1574069126500,"Nov 18, 2019",1:25:26 AM,
107,1574069128115,"Nov 18, 2019",1:25:28 AM,
105,1574069130078,"Nov 18, 2019",1:25:30 AM,
104,1574069132068,"Nov 18, 2019",1:25:32 AM,
105,1574069133665,"Nov 18, 2019",1:25:33 AM,
104,1574069135244,"Nov 18, 2019",1:25:35 AM,
103,1574069138030,"Nov 18, 2019",1:25:38 AM,
102,1574069142009,"Nov 18, 2019",1:25:42 AM,
103,1574069144065,"Nov 18, 2019",1:25:44 AM,
104,1574069146451,"Nov 18, 2019",1:25:46 AM,
105,1574069147636,"Nov 18, 2019",1:25:47 AM,
106,1574069149225,"Nov 18, 2019",1:25:49 AM,
107,1574069152014,"Nov 18, 2019",1:25:52 AM,
106,1574069155984,"Nov 18, 2019",1:25:55 AM,
98,1574069158345,"Nov 18, 2019",1:25:58 AM,
101,1574069159164,"Nov 18, 2019",1:25:59 AM,
100,1574069160361,"Nov 18, 2019",1:26:00 AM,
68,1574069180558,"Nov 18, 2019",1:26:20 AM,
69,1574069184140,"Nov 18, 2019",1:26:24 AM,
61,1574069231836,"Nov 18, 2019",1:27:11 AM,
77,1574069351955,"Nov 18, 2019",1:29:11 AM,
70,1574069496976,"Nov 18, 2019",1:31:36 AM,
67,1574069499750,"Nov 18, 2019",1:31:39 AM,
72,1574069536321,"Nov 18, 2019",1:32:16 AM,
77,1574069592381,"Nov 18, 2019",1:33:12 AM,
78,1574069593181,"Nov 18, 2019",1:33:13 AM,
88,1574069597615,"Nov 18, 2019",1:33:17 AM,
83,1574069599195,"Nov 18, 2019",1:33:19 AM,
86,1574069599992,"Nov 18, 2019",1:33:19 AM,
87,1574069602703,"Nov 18, 2019",1:33:22 AM,
87,1574069609130,"Nov 18, 2019",1:33:29 AM,
88,1574069609930,"Nov 18, 2019",1:33:29 AM,
89,1574069611125,"Nov 18, 2019",1:33:31 AM,
88,1574069613506,"Nov 18, 2019",1:33:33 AM,
90,1574069616283,"Nov 18, 2019",1:33:36 AM,
91,1574069617073,"Nov 18, 2019",1:33:37 AM,
92,1574069618995,"Nov 18, 2019",1:33:38 AM,
91,1574069619798,"Nov 18, 2019",1:33:39 AM,
92,1574069623765,"Nov 18, 2019",1:33:43 AM,
91,1574069625421,"Nov 18, 2019",1:33:45 AM,
92,1574069626619,"Nov 18, 2019",1:33:46 AM,
91,1574069630194,"Nov 18, 2019",1:33:50 AM,
91,1574069634960,"Nov 18, 2019",1:33:54 AM,
92,1574069639335,"Nov 18, 2019",1:33:59 AM,
93,1574069640528,"Nov 18, 2019",1:34:00 AM,
94,1574069642113,"Nov 18, 2019",1:34:02 AM,
95,1574069644905,"Nov 18, 2019",1:34:04 AM,
96,1574069646496,"Nov 18, 2019",1:34:06 AM,
97,1574069651267,"Nov 18, 2019",1:34:11 AM,
96,1574069652057,"Nov 18, 2019",1:34:12 AM,
95,1574069653264,"Nov 18, 2019",1:34:13 AM,
96,1574069654826,"Nov 18, 2019",1:34:14 AM,
94,1574069656036,"Nov 18, 2019",1:34:16 AM,
96,1574069658027,"Nov 18, 2019",1:34:18 AM,
95,1574069658817,"Nov 18, 2019",1:34:18 AM,
94,1574069661606,"Nov 18, 2019",1:34:21 AM,
94,1574069667173,"Nov 18, 2019",1:34:27 AM,
94,1574069672731,"Nov 18, 2019",1:34:32 AM,
95,1574069675908,"Nov 18, 2019",1:34:35 AM,
72,1574069710889,"Nov 18, 2019",1:35:10 AM,
72,1574069717280,"Nov 18, 2019",1:35:17 AM,
72,1574069722025,"Nov 18, 2019",1:35:22 AM,
97,1574069741104,"Nov 18, 2019",1:35:41 AM,
104,1574069743088,"Nov 18, 2019",1:35:43 AM,
111,1574069743890,"Nov 18, 2019",1:35:43 AM,
111,1574069750246,"Nov 18, 2019",1:35:50 AM,
111,1574069755010,"Nov 18, 2019",1:35:55 AM,
111,1574069761371,"Nov 18, 2019",1:36:01 AM,
111,1574069766145,"Nov 18, 2019",1:36:06 AM,
111,1574069771313,"Nov 18, 2019",1:36:11 AM,
111,1574069776089,"Nov 18, 2019",1:36:16 AM,
112,1574069782440,"Nov 18, 2019",1:36:22 AM,
111,1574069783240,"Nov 18, 2019",1:36:23 AM,
110,1574069786023,"Nov 18, 2019",1:36:26 AM,
109,1574069789199,"Nov 18, 2019",1:36:29 AM,
108,1574069791986,"Nov 18, 2019",1:36:31 AM,
109,1574069794367,"Nov 18, 2019",1:36:34 AM,
110,1574069796361,"Nov 18, 2019",1:36:36 AM,
108,1574069797155,"Nov 18, 2019",1:36:37 AM,
107,1574069799135,"Nov 18, 2019",1:36:39 AM,
108,1574069799931,"Nov 18, 2019",1:36:39 AM,
108,1574069806289,"Nov 18, 2019",1:36:46 AM,
108,1574069811057,"Nov 18, 2019",1:36:51 AM,
108,1574069817422,"Nov 18, 2019",1:36:57 AM,
109,1574069818238,"Nov 18, 2019",1:36:58 AM,
108,1574069820205,"Nov 18, 2019",1:37:00 AM,
108,1574069824973,"Nov 18, 2019",1:37:04 AM,
108,1574069831333,"Nov 18, 2019",1:37:11 AM,
109,1574069834119,"Nov 18, 2019",1:37:14 AM,
110,1574069836104,"Nov 18, 2019",1:37:16 AM,
109,1574069838458,"Nov 18, 2019",1:37:18 AM,
111,1574069838887,"Nov 18, 2019",1:37:18 AM,
110,1574069841274,"Nov 18, 2019",1:37:21 AM,
109,1574069842067,"Nov 18, 2019",1:37:22 AM,
110,1574069843259,"Nov 18, 2019",1:37:23 AM,
109,1574069845248,"Nov 18, 2019",1:37:25 AM,
110,1574069848027,"Nov 18, 2019",1:37:28 AM,
109,1574069848826,"Nov 18, 2019",1:37:28 AM,
108,1574069850813,"Nov 18, 2019",1:37:30 AM,
107,1574069852405,"Nov 18, 2019",1:37:32 AM,
109,1574069853199,"Nov 18, 2019",1:37:33 AM,
107,1574069855184,"Nov 18, 2019",1:37:35 AM,
106,1574069855983,"Nov 18, 2019",1:37:35 AM,
105,1574069857573,"Nov 18, 2019",1:37:37 AM,
107,1574069859490,"Nov 18, 2019",1:37:39 AM,
105,1574069859881,"Nov 18, 2019",1:37:39 AM,
104,1574069862337,"Nov 18, 2019",1:37:42 AM,
106,1574069862670,"Nov 18, 2019",1:37:42 AM,
105,1574069864323,"Nov 18, 2019",1:37:44 AM,
106,1574069867107,"Nov 18, 2019",1:37:47 AM,
107,1574069869893,"Nov 18, 2019",1:37:49 AM,
106,1574069871874,"Nov 18, 2019",1:37:51 AM,
106,1574069876247,"Nov 18, 2019",1:37:56 AM,
107,1574069877049,"Nov 18, 2019",1:37:57 AM,
105,1574069878236,"Nov 18, 2019",1:37:58 AM,
104,1574069882617,"Nov 18, 2019",1:38:02 AM,
103,1574069883799,"Nov 18, 2019",1:38:03 AM,
104,1574069885398,"Nov 18, 2019",1:38:05 AM,
102,1574069886581,"Nov 18, 2019",1:38:06 AM,
104,1574069892552,"Nov 18, 2019",1:38:12 AM,
103,1574069893750,"Nov 18, 2019",1:38:13 AM,
104,1574069894932,"Nov 18, 2019",1:38:14 AM,
102,1574069897324,"Nov 18, 2019",1:38:17 AM,
100,1574069899337,"Nov 18, 2019",1:38:19 AM,
100,1574069904074,"Nov 18, 2019",1:38:24 AM,
99,1574069904871,"Nov 18, 2019",1:38:24 AM,
100,1574069906459,"Nov 18, 2019",1:38:26 AM,
98,1574069907654,"Nov 18, 2019",1:38:27 AM,
97,1574069909246,"Nov 18, 2019",1:38:29 AM,
96,1574069911231,"Nov 18, 2019",1:38:31 AM,
95,1574069912033,"Nov 18, 2019",1:38:32 AM,
94,1574069914809,"Nov 18, 2019",1:38:34 AM,
94,1574069920379,"Nov 18, 2019",1:38:40 AM,
93,1574069921572,"Nov 18, 2019",1:38:41 AM,
98,1574069925142,"Nov 18, 2019",1:38:45 AM,
99,1574069925948,"Nov 18, 2019",1:38:45 AM,
98,1574069928731,"Nov 18, 2019",1:38:48 AM,
97,1574069932307,"Nov 18, 2019",1:38:52 AM,
98,1574069934287,"Nov 18, 2019",1:38:54 AM,
97,1574069937071,"Nov 18, 2019",1:38:57 AM,
97,1574069942633,"Nov 18, 2019",1:39:02 AM,
95,1574069947008,"Nov 18, 2019",1:39:07 AM,
97,1574069960915,"Nov 18, 2019",1:39:20 AM,
100,1574069963622,"Nov 18, 2019",1:39:23 AM,
104,1574069970056,"Nov 18, 2019",1:39:30 AM,
103,1574069970791,"Nov 18, 2019",1:39:30 AM,
105,1574069972050,"Nov 18, 2019",1:39:32 AM,
103,1574069974441,"Nov 18, 2019",1:39:34 AM,
105,1574069975233,"Nov 18, 2019",1:39:35 AM,
104,1574069978013,"Nov 18, 2019",1:39:38 AM,
103,1574069979933,"Nov 18, 2019",1:39:39 AM,
104,1574069981986,"Nov 18, 2019",1:39:41 AM,
109,1574069983975,"Nov 18, 2019",1:39:43 AM,
106,1574069985164,"Nov 18, 2019",1:39:45 AM,
109,1574069986361,"Nov 18, 2019",1:39:46 AM,
108,1574069988354,"Nov 18, 2019",1:39:48 AM,
107,1574069993112,"Nov 18, 2019",1:39:53 AM,
107,1574069998291,"Nov 18, 2019",1:39:58 AM,
107,1574070003052,"Nov 18, 2019",1:40:03 AM,
107,1574070010208,"Nov 18, 2019",1:40:10 AM,
107,1574070012209,"Nov 18, 2019",1:40:12 AM,
108,1574070014188,"Nov 18, 2019",1:40:14 AM,
107,1574070016176,"Nov 18, 2019",1:40:16 AM,
106,1574070018954,"Nov 18, 2019",1:40:18 AM,
105,1574070021345,"Nov 18, 2019",1:40:21 AM,
104,1574070024130,"Nov 18, 2019",1:40:24 AM,
105,1574070026517,"Nov 18, 2019",1:40:26 AM,
104,1574070028098,"Nov 18, 2019",1:40:28 AM,
103,1574070030882,"Nov 18, 2019",1:40:30 AM,
102,1574070035180,"Nov 18, 2019",1:40:35 AM,
104,1574070037175,"Nov 18, 2019",1:40:37 AM,
103,1574070037974,"Nov 18, 2019",1:40:37 AM,
105,1574070039968,"Nov 18, 2019",1:40:39 AM,
102,1574070040766,"Nov 18, 2019",1:40:40 AM,
101,1574070044341,"Nov 18, 2019",1:40:44 AM,
102,1574070047969,"Nov 18, 2019",1:40:47 AM,
101,1574070049163,"Nov 18, 2019",1:40:49 AM,
100,1574070054333,"Nov 18, 2019",1:40:54 AM,
100,1574070059099,"Nov 18, 2019",1:40:59 AM,
101,1574070063800,"Nov 18, 2019",1:41:03 AM,
100,1574070064199,"Nov 18, 2019",1:41:04 AM,
101,1574070066974,"Nov 18, 2019",1:41:06 AM,
99,1574070069366,"Nov 18, 2019",1:41:09 AM,
97,1574070071353,"Nov 18, 2019",1:41:11 AM,
96,1574070074539,"Nov 18, 2019",1:41:14 AM,
95,1574070078584,"Nov 18, 2019",1:41:18 AM,
95,1574070083746,"Nov 18, 2019",1:41:23 AM,
94,1574070084141,"Nov 18, 2019",1:41:24 AM,
93,1574070087323,"Nov 18, 2019",1:41:27 AM,
94,1574070090135,"Nov 18, 2019",1:41:30 AM,
93,1574070095273,"Nov 18, 2019",1:41:35 AM,
94,1574070097975,"Nov 18, 2019",1:41:37 AM,
95,1574070099650,"Nov 18, 2019",1:41:39 AM,
94,1574070104423,"Nov 18, 2019",1:41:44 AM,
93,1574070107599,"Nov 18, 2019",1:41:47 AM,
94,1574070109183,"Nov 18, 2019",1:41:49 AM,
93,1574070111177,"Nov 18, 2019",1:41:51 AM,
92,1574070113557,"Nov 18, 2019",1:41:53 AM,
92,1574070118327,"Nov 18, 2019",1:41:58 AM,
93,1574070119042,"Nov 18, 2019",1:41:59 AM,
92,1574070120646,"Nov 18, 2019",1:42:00 AM,
91,1574070123028,"Nov 18, 2019",1:42:03 AM,
90,1574070125402,"Nov 18, 2019",1:42:05 AM,
90,1574070130186,"Nov 18, 2019",1:42:10 AM,
68,1574070147683,"Nov 18, 2019",1:42:27 AM,
70,1574070149262,"Nov 18, 2019",1:42:29 AM,
72,1574070151264,"Nov 18, 2019",1:42:31 AM,
82,1574070152051,"Nov 18, 2019",1:42:32 AM,
89,1574070154046,"Nov 18, 2019",1:42:34 AM,
86,1574070154851,"Nov 18, 2019",1:42:34 AM,
87,1574070156031,"Nov 18, 2019",1:42:36 AM,
86,1574070158412,"Nov 18, 2019",1:42:38 AM,
87,1574070158811,"Nov 18, 2019",1:42:38 AM,
88,1574070161604,"Nov 18, 2019",1:42:41 AM,
89,1574070165166,"Nov 18, 2019",1:42:45 AM,
89,1574070170408,"Nov 18, 2019",1:42:50 AM,
91,1574070172386,"Nov 18, 2019",1:42:52 AM,
90,1574070173181,"Nov 18, 2019",1:42:53 AM,
91,1574070175169,"Nov 18, 2019",1:42:55 AM,
90,1574070175966,"Nov 18, 2019",1:42:55 AM,
91,1574070177154,"Nov 18, 2019",1:42:57 AM,
92,1574070179152,"Nov 18, 2019",1:42:59 AM,
93,1574070179874,"Nov 18, 2019",1:42:59 AM,
94,1574070182653,"Nov 18, 2019",1:43:02 AM,
94,1574070185865,"Nov 18, 2019",1:43:05 AM,
93,1574070187023,"Nov 18, 2019",1:43:07 AM,
94,1574070189814,"Nov 18, 2019",1:43:09 AM,
94,1574070194576,"Nov 18, 2019",1:43:14 AM,
92,1574070197429,"Nov 18, 2019",1:43:17 AM,
93,1574070199025,"Nov 18, 2019",1:43:19 AM,
77,1574070212534,"Nov 18, 2019",1:43:32 AM,
84,1574070213728,"Nov 18, 2019",1:43:33 AM,
88,1574070215325,"Nov 18, 2019",1:43:35 AM,
93,1574070220084,"Nov 18, 2019",1:43:40 AM,
97,1574070220820,"Nov 18, 2019",1:43:40 AM,
101,1574070222075,"Nov 18, 2019",1:43:42 AM,
105,1574070224859,"Nov 18, 2019",1:43:44 AM,
107,1574070227244,"Nov 18, 2019",1:43:47 AM,
108,1574070227639,"Nov 18, 2019",1:43:47 AM,
107,1574070229231,"Nov 18, 2019",1:43:49 AM,
106,1574070232013,"Nov 18, 2019",1:43:52 AM,
107,1574070234001,"Nov 18, 2019",1:43:54 AM,
108,1574070234794,"Nov 18, 2019",1:43:54 AM,
107,1574070239170,"Nov 18, 2019",1:43:59 AM,
106,1574070241950,"Nov 18, 2019",1:44:01 AM,
105,1574070245135,"Nov 18, 2019",1:44:05 AM,
104,1574070245867,"Nov 18, 2019",1:44:05 AM,
103,1574070248708,"Nov 18, 2019",1:44:08 AM,
105,1574070250291,"Nov 18, 2019",1:44:10 AM,
106,1574070252215,"Nov 18, 2019",1:44:12 AM,
105,1574070253080,"Nov 18, 2019",1:44:13 AM,
106,1574070255065,"Nov 18, 2019",1:44:15 AM,
105,1574070257057,"Nov 18, 2019",1:44:17 AM,
107,1574070259446,"Nov 18, 2019",1:44:19 AM,
105,1574070260589,"Nov 18, 2019",1:44:20 AM,
104,1574070260975,"Nov 18, 2019",1:44:20 AM,
105,1574070263809,"Nov 18, 2019",1:44:23 AM,
104,1574070265403,"Nov 18, 2019",1:44:25 AM,
105,1574070266572,"Nov 18, 2019",1:44:26 AM,
106,1574070268181,"Nov 18, 2019",1:44:28 AM,
107,1574070270175,"Nov 18, 2019",1:44:30 AM,
106,1574070270971,"Nov 18, 2019",1:44:30 AM,
107,1574070272955,"Nov 18, 2019",1:44:32 AM,
108,1574070277325,"Nov 18, 2019",1:44:37 AM,
106,1574070278122,"Nov 18, 2019",1:44:38 AM,
105,1574070279313,"Nov 18, 2019",1:44:39 AM,
104,1574070282097,"Nov 18, 2019",1:44:42 AM,
105,1574070284088,"Nov 18, 2019",1:44:44 AM,
104,1574070289254,"Nov 18, 2019",1:44:49 AM,
103,1574070292036,"Nov 18, 2019",1:44:52 AM,
102,1574070293226,"Nov 18, 2019",1:44:53 AM,
101,1574070294818,"Nov 18, 2019",1:44:54 AM,
100,1574070296010,"Nov 18, 2019",1:44:56 AM,
99,1574070298395,"Nov 18, 2019",1:44:58 AM,
101,1574070298792,"Nov 18, 2019",1:44:58 AM,
99,1574070303166,"Nov 18, 2019",1:45:03 AM,
98,1574070305124,"Nov 18, 2019",1:45:05 AM,
97,1574070305884,"Nov 18, 2019",1:45:05 AM,
96,1574070307563,"Nov 18, 2019",1:45:07 AM,
95,1574070310331,"Nov 18, 2019",1:45:10 AM,
94,1574070313101,"Nov 18, 2019",1:45:13 AM,
92,1574070317077,"Nov 18, 2019",1:45:17 AM,
93,1574070319065,"Nov 18, 2019",1:45:19 AM,
92,1574070319862,"Nov 18, 2019",1:45:19 AM,
93,1574070321447,"Nov 18, 2019",1:45:21 AM,
95,1574070326236,"Nov 18, 2019",1:45:26 AM,
94,1574070327015,"Nov 18, 2019",1:45:27 AM,
93,1574070328206,"Nov 18, 2019",1:45:28 AM,
94,1574070329798,"Nov 18, 2019",1:45:29 AM,
93,1574070333410,"Nov 18, 2019",1:45:33 AM,
92,1574070336953,"Nov 18, 2019",1:45:36 AM,
92,1574070342516,"Nov 18, 2019",1:45:42 AM,
91,1574070343736,"Nov 18, 2019",1:45:43 AM,
90,1574070347286,"Nov 18, 2019",1:45:47 AM,
91,1574070349273,"Nov 18, 2019",1:45:49 AM,
94,1574070352059,"Nov 18, 2019",1:45:52 AM,
95,1574070354443,"Nov 18, 2019",1:45:54 AM,
96,1574070356433,"Nov 18, 2019",1:45:56 AM,
97,1574070359622,"Nov 18, 2019",1:45:59 AM,
98,1574070361202,"Nov 18, 2019",1:46:01 AM,
97,1574070361982,"Nov 18, 2019",1:46:01 AM,
99,1574070363980,"Nov 18, 2019",1:46:03 AM,
97,1574070368353,"Nov 18, 2019",1:46:08 AM,
96,1574070369152,"Nov 18, 2019",1:46:09 AM,
95,1574070371138,"Nov 18, 2019",1:46:11 AM,
94,1574070371963,"Nov 18, 2019",1:46:11 AM,
93,1574070373130,"Nov 18, 2019",1:46:13 AM,
92,1574070375056,"Nov 18, 2019",1:46:15 AM,
93,1574070375894,"Nov 18, 2019",1:46:15 AM,
92,1574070382197,"Nov 18, 2019",1:46:22 AM,
93,1574070385773,"Nov 18, 2019",1:46:25 AM,
94,1574070386968,"Nov 18, 2019",1:46:26 AM,
94,1574070392205,"Nov 18, 2019",1:46:32 AM,
95,1574070392923,"Nov 18, 2019",1:46:32 AM,
94,1574070396180,"Nov 18, 2019",1:46:36 AM,
93,1574070401349,"Nov 18, 2019",1:46:41 AM,
92,1574070406139,"Nov 18, 2019",1:46:46 AM,
91,1574070410889,"Nov 18, 2019",1:46:50 AM,
89,1574070413673,"Nov 18, 2019",1:46:53 AM,
88,1574070417249,"Nov 18, 2019",1:46:57 AM,
91,1574070418041,"Nov 18, 2019",1:46:58 AM,
90,1574070420424,"Nov 18, 2019",1:47:00 AM,
91,1574070421620,"Nov 18, 2019",1:47:01 AM,
92,1574070424400,"Nov 18, 2019",1:47:04 AM,
93,1574070425208,"Nov 18, 2019",1:47:05 AM,
92,1574070427115,"Nov 18, 2019",1:47:07 AM,
92,1574070431953,"Nov 18, 2019",1:47:11 AM,
91,1574070433938,"Nov 18, 2019",1:47:13 AM,
92,1574070434735,"Nov 18, 2019",1:47:14 AM,
91,1574070436326,"Nov 18, 2019",1:47:16 AM,
92,1574070438314,"Nov 18, 2019",1:47:18 AM,
93,1574070441097,"Nov 18, 2019",1:47:21 AM,
97,1574070441891,"Nov 18, 2019",1:47:21 AM,
99,1574070443081,"Nov 18, 2019",1:47:23 AM,
100,1574070445863,"Nov 18, 2019",1:47:25 AM,
100,1574070452231,"Nov 18, 2019",1:47:32 AM,
99,1574070455009,"Nov 18, 2019",1:47:35 AM,
98,1574070457396,"Nov 18, 2019",1:47:37 AM,
97,1574070459381,"Nov 18, 2019",1:47:39 AM,
96,1574070462092,"Nov 18, 2019",1:47:42 AM,
95,1574070464145,"Nov 18, 2019",1:47:44 AM,
94,1574070466935,"Nov 18, 2019",1:47:46 AM,
95,1574070469316,"Nov 18, 2019",1:47:49 AM,
94,1574070469716,"Nov 18, 2019",1:47:49 AM,
93,1574070476081,"Nov 18, 2019",1:47:56 AM,
94,1574070478084,"Nov 18, 2019",1:47:58 AM,
94,1574070484026,"Nov 18, 2019",1:48:04 AM,
93,1574070487213,"Nov 18, 2019",1:48:07 AM,
92,1574070490782,"Nov 18, 2019",1:48:10 AM,
93,1574070497074,"Nov 18, 2019",1:48:17 AM,
92,1574070501518,"Nov 18, 2019",1:48:21 AM,
90,1574070504298,"Nov 18, 2019",1:48:24 AM,
89,1574070504698,"Nov 18, 2019",1:48:24 AM,
91,1574070506292,"Nov 18, 2019",1:48:26 AM,
90,1574070508274,"Nov 18, 2019",1:48:28 AM,
91,1574070513445,"Nov 18, 2019",1:48:33 AM,
93,1574070516227,"Nov 18, 2019",1:48:36 AM,
94,1574070519018,"Nov 18, 2019",1:48:39 AM,
97,1574070520198,"Nov 18, 2019",1:48:40 AM,
96,1574070522182,"Nov 18, 2019",1:48:42 AM,
97,1574070522988,"Nov 18, 2019",1:48:42 AM,
99,1574070527354,"Nov 18, 2019",1:48:47 AM,
98,1574070529339,"Nov 18, 2019",1:48:49 AM,
98,1574070534112,"Nov 18, 2019",1:48:54 AM,
99,1574070536498,"Nov 18, 2019",1:48:56 AM,
100,1574070536895,"Nov 18, 2019",1:48:56 AM,
99,1574070543255,"Nov 18, 2019",1:49:03 AM,
101,1574070548418,"Nov 18, 2019",1:49:08 AM,
102,1574070550421,"Nov 18, 2019",1:49:10 AM,
103,1574070551203,"Nov 18, 2019",1:49:11 AM,
102,1574070553987,"Nov 18, 2019",1:49:13 AM,
101,1574070557964,"Nov 18, 2019",1:49:17 AM,
101,1574070564324,"Nov 18, 2019",1:49:24 AM,
101,1574070569082,"Nov 18, 2019",1:49:29 AM,
101,1574070574261,"Nov 18, 2019",1:49:34 AM,
100,1574070578170,"Nov 18, 2019",1:49:38 AM,
101,1574070582137,"Nov 18, 2019",1:49:42 AM,
65,1574070672372,"Nov 18, 2019",1:51:12 AM,
67,1574070731995,"Nov 18, 2019",1:52:11 AM,
68,1574070844152,"Nov 18, 2019",1:54:04 AM,
75,1574070846145,"Nov 18, 2019",1:54:06 AM,
80,1574070846949,"Nov 18, 2019",1:54:06 AM,
80,1574070853245,"Nov 18, 2019",1:54:13 AM,
80,1574070858109,"Nov 18, 2019",1:54:18 AM,
80,1574070864770,"Nov 18, 2019",1:54:24 AM,
80,1574070869142,"Nov 18, 2019",1:54:29 AM,
80,1574070873913,"Nov 18, 2019",1:54:33 AM,
70,1574070918885,"Nov 18, 2019",1:55:18 AM,
80,1574070921212,"Nov 18, 2019",1:55:21 AM,
77,1574071031777,"Nov 18, 2019",1:57:11 AM,
76,1574071033685,"Nov 18, 2019",1:57:13 AM,
60,1574071094115,"Nov 18, 2019",1:58:14 AM,
63,1574071095719,"Nov 18, 2019",1:58:15 AM,
67,1574071151828,"Nov 18, 2019",1:59:11 AM,
64,1574071153015,"Nov 18, 2019",1:59:13 AM,
61,1574071155420,"Nov 18, 2019",1:59:15 AM,
62,1574071158585,"Nov 18, 2019",1:59:18 AM,
67,1574071162957,"Nov 18, 2019",1:59:22 AM,
65,1574071164546,"Nov 18, 2019",1:59:24 AM,
66,1574071165681,"Nov 18, 2019",1:59:25 AM,
65,1574071167290,"Nov 18, 2019",1:59:27 AM,
70,1574071169254,"Nov 18, 2019",1:59:29 AM,
73,1574071170116,"Nov 18, 2019",1:59:30 AM,
74,1574071172937,"Nov 18, 2019",1:59:32 AM,
73,1574071174084,"Nov 18, 2019",1:59:34 AM,
72,1574071176865,"Nov 18, 2019",1:59:36 AM,
71,1574071178390,"Nov 18, 2019",1:59:38 AM,
72,1574071179646,"Nov 18, 2019",1:59:39 AM,
67,1574071212242,"Nov 18, 2019",2:00:12 AM,
64,1574071214232,"Nov 18, 2019",2:00:14 AM,
63,1574071215023,"Nov 18, 2019",2:00:15 AM,
73,1574071216203,"Nov 18, 2019",2:00:16 AM,
80,1574071218145,"Nov 18, 2019",2:00:18 AM,
78,1574071219013,"Nov 18, 2019",2:00:19 AM,
79,1574071221384,"Nov 18, 2019",2:00:21 AM,
79,1574071226102,"Nov 18, 2019",2:00:26 AM,
79,1574071232557,"Nov 18, 2019",2:00:32 AM,
79,1574071237216,"Nov 18, 2019",2:00:37 AM,
68,1574071267495,"Nov 18, 2019",2:01:07 AM,
65,1574071270256,"Nov 18, 2019",2:01:10 AM,
65,1574071274984,"Nov 18, 2019",2:01:14 AM,
65,1574071281346,"Nov 18, 2019",2:01:21 AM,
65,1574071286178,"Nov 18, 2019",2:01:26 AM,
65,1574071291346,"Nov 18, 2019",2:01:31 AM,
66,1574071291747,"Nov 18, 2019",2:01:31 AM,
71,1574071293343,"Nov 18, 2019",2:01:33 AM,
70,1574071295262,"Nov 18, 2019",2:01:35 AM,
72,1574071296073,"Nov 18, 2019",2:01:36 AM,
73,1574071300493,"Nov 18, 2019",2:01:40 AM,
74,1574071302479,"Nov 18, 2019",2:01:42 AM,
72,1574071303591,"Nov 18, 2019",2:01:43 AM,
72,1574071308763,"Nov 18, 2019",2:01:48 AM,
72,1574071314340,"Nov 18, 2019",2:01:54 AM,
72,1574071319164,"Nov 18, 2019",2:01:59 AM,
72,1574071323938,"Nov 18, 2019",2:02:03 AM,
72,1574071329505,"Nov 18, 2019",2:02:09 AM,
72,1574071347782,"Nov 18, 2019",2:02:27 AM,
72,1574071349379,"Nov 18, 2019",2:02:29 AM,
64,1574071392240,"Nov 18, 2019",2:03:12 AM,
67,1574071451480,"Nov 18, 2019",2:04:11 AM,
46,1574071513543,"Nov 18, 2019",2:05:13 AM,
50,1574071635185,"Nov 18, 2019",2:07:15 AM,
66,1574071692011,"Nov 18, 2019",2:08:12 AM,
70,1574071752447,"Nov 18, 2019",2:09:12 AM,
61,1574071815251,"Nov 18, 2019",2:10:15 AM,
80,1574071818036,"Nov 18, 2019",2:10:18 AM,
67,1574071872093,"Nov 18, 2019",2:11:12 AM,
72,1574071932907,"Nov 18, 2019",2:12:12 AM,
70,1574071935295,"Nov 18, 2019",2:12:15 AM,
62,1574071992925,"Nov 18, 2019",2:13:12 AM,
76,1574071996039,"Nov 18, 2019",2:13:16 AM,
59,1574072054538,"Nov 18, 2019",2:14:14 AM,
60,1574072055740,"Nov 18, 2019",2:14:15 AM,
60,1574072057323,"Nov 18, 2019",2:14:17 AM,
67,1574072111777,"Nov 18, 2019",2:15:11 AM,
71,1574072171410,"Nov 18, 2019",2:16:11 AM,
70,1574072172996,"Nov 18, 2019",2:16:12 AM,
67,1574072237390,"Nov 18, 2019",2:17:17 AM,
72,1574072291848,"Nov 18, 2019",2:18:11 AM,
68,1574072352266,"Nov 18, 2019",2:19:12 AM,
63,1574072411896,"Nov 18, 2019",2:20:11 AM,
64,1574072413086,"Nov 18, 2019",2:20:13 AM,
67,1574072471915,"Nov 18, 2019",2:21:11 AM,
64,1574072534324,"Nov 18, 2019",2:22:14 AM,
68,1574072537103,"Nov 18, 2019",2:22:17 AM,
74,1574072591958,"Nov 18, 2019",2:23:11 AM,
72,1574072595138,"Nov 18, 2019",2:23:15 AM,
66,1574072651912,"Nov 18, 2019",2:24:11 AM,
65,1574072712401,"Nov 18, 2019",2:25:12 AM,
65,1574072831252,"Nov 18, 2019",2:27:11 AM,
67,1574072892465,"Nov 18, 2019",2:28:12 AM,
68,1574072952110,"Nov 18, 2019",2:29:12 AM,
75,1574073012115,"Nov 18, 2019",2:30:12 AM,
75,1574073012910,"Nov 18, 2019",2:30:12 AM,
70,1574073014108,"Nov 18, 2019",2:30:14 AM,
70,1574073072930,"Nov 18, 2019",2:31:12 AM,
68,1574073132161,"Nov 18, 2019",2:32:12 AM,
69,1574073133350,"Nov 18, 2019",2:32:13 AM,
69,1574073195755,"Nov 18, 2019",2:33:15 AM,
70,1574073197346,"Nov 18, 2019",2:33:17 AM,
45,1574073253395,"Nov 18, 2019",2:34:13 AM,
73,1574073258162,"Nov 18, 2019",2:34:18 AM,
60,1574073312619,"Nov 18, 2019",2:35:12 AM,
65,1574073314213,"Nov 18, 2019",2:35:14 AM,
68,1574073372248,"Nov 18, 2019",2:36:12 AM,
67,1574073492691,"Nov 18, 2019",2:38:12 AM,
69,1574073555891,"Nov 18, 2019",2:39:15 AM,
68,1574073557485,"Nov 18, 2019",2:39:17 AM,
64,1574073611940,"Nov 18, 2019",2:40:11 AM,
79,1574073671086,"Nov 18, 2019",2:41:11 AM,
78,1574073672278,"Nov 18, 2019",2:41:12 AM,
64,1574073731916,"Nov 18, 2019",2:42:11 AM,
66,1574073733109,"Nov 18, 2019",2:42:13 AM,
64,1574073794718,"Nov 18, 2019",2:43:14 AM,
64,1574073796699,"Nov 18, 2019",2:43:16 AM,
61,1574073913244,"Nov 18, 2019",2:45:13 AM,
64,1574073914835,"Nov 18, 2019",2:45:14 AM,
63,1574073972068,"Nov 18, 2019",2:46:12 AM,
57,1574073972879,"Nov 18, 2019",2:46:12 AM,
65,1574074037263,"Nov 18, 2019",2:47:17 AM,
62,1574074092121,"Nov 18, 2019",2:48:12 AM,
64,1574074152539,"Nov 18, 2019",2:49:12 AM,
63,1574074211761,"Nov 18, 2019",2:50:11 AM,
64,1574074272179,"Nov 18, 2019",2:51:12 AM,
77,1574074332207,"Nov 18, 2019",2:52:12 AM,
75,1574074332999,"Nov 18, 2019",2:52:12 AM,
71,1574074398592,"Nov 18, 2019",2:53:18 AM,
71,1574074453038,"Nov 18, 2019",2:54:13 AM,
69,1574074454234,"Nov 18, 2019",2:54:14 AM,
63,1574074571906,"Nov 18, 2019",2:56:11 AM,
63,1574074574677,"Nov 18, 2019",2:56:14 AM,
63,1574074635892,"Nov 18, 2019",2:57:15 AM,
64,1574074637087,"Nov 18, 2019",2:57:17 AM,
64,1574074691952,"Nov 18, 2019",2:58:11 AM,
62,1574074751570,"Nov 18, 2019",2:59:11 AM,
67,1574074752757,"Nov 18, 2019",2:59:12 AM,
63,1574074812385,"Nov 18, 2019",3:00:12 AM,
63,1574074813180,"Nov 18, 2019",3:00:13 AM,
62,1574074932823,"Nov 18, 2019",3:02:12 AM,
68,1574074934418,"Nov 18, 2019",3:02:14 AM,
67,1574074936803,"Nov 18, 2019",3:02:16 AM,
66,1574074991653,"Nov 18, 2019",3:03:11 AM,
70,1574075052079,"Nov 18, 2019",3:04:12 AM,
63,1574075115671,"Nov 18, 2019",3:05:15 AM,
63,1574075117266,"Nov 18, 2019",3:05:17 AM,
58,1574075171722,"Nov 18, 2019",3:06:11 AM,
63,1574075234530,"Nov 18, 2019",3:07:14 AM,
60,1574075236518,"Nov 18, 2019",3:07:16 AM,
64,1574075292170,"Nov 18, 2019",3:08:12 AM,
63,1574075292963,"Nov 18, 2019",3:08:12 AM,
61,1574075352186,"Nov 18, 2019",3:09:12 AM,
62,1574075416951,"Nov 18, 2019",3:10:16 AM,
48,1574075471837,"Nov 18, 2019",3:11:11 AM,
59,1574075591005,"Nov 18, 2019",3:13:11 AM,
51,1574075592674,"Nov 18, 2019",3:13:12 AM,
57,1574075597430,"Nov 18, 2019",3:13:17 AM,
59,1574075651893,"Nov 18, 2019",3:14:11 AM,
56,1574075653090,"Nov 18, 2019",3:14:13 AM,
58,1574075655477,"Nov 18, 2019",3:14:15 AM,
63,1574075714306,"Nov 18, 2019",3:15:14 AM,
82,1574075716297,"Nov 18, 2019",3:15:16 AM,
90,1574075717084,"Nov 18, 2019",3:15:17 AM,
62,1574075831968,"Nov 18, 2019",3:17:11 AM,
50,1574075892388,"Nov 18, 2019",3:18:12 AM,
63,1574075955193,"Nov 18, 2019",3:19:15 AM,
63,1574075955986,"Nov 18, 2019",3:19:15 AM,
65,1574076074441,"Nov 18, 2019",3:21:14 AM,
62,1574076077221,"Nov 18, 2019",3:21:17 AM,
59,1574076078014,"Nov 18, 2019",3:21:18 AM,
63,1574076133226,"Nov 18, 2019",3:22:13 AM,
65,1574076135193,"Nov 18, 2019",3:22:15 AM,
67,1574076198478,"Nov 18, 2019",3:23:18 AM,
51,1574076318110,"Nov 18, 2019",3:25:18 AM,
64,1574076374151,"Nov 18, 2019",3:26:14 AM,
59,1574076431777,"Nov 18, 2019",3:27:11 AM,
63,1574076491744,"Nov 18, 2019",3:28:11 AM,
74,1574076552176,"Nov 18, 2019",3:29:12 AM,
72,1574076554159,"Nov 18, 2019",3:29:14 AM,
79,1574076556942,"Nov 18, 2019",3:29:16 AM,
78,1574076559338,"Nov 18, 2019",3:29:19 AM,
80,1574076559716,"Nov 18, 2019",3:29:19 AM,
81,1574076562516,"Nov 18, 2019",3:29:22 AM,
85,1574076564098,"Nov 18, 2019",3:29:24 AM,
87,1574076566084,"Nov 18, 2019",3:29:26 AM,
86,1574076566884,"Nov 18, 2019",3:29:26 AM,
85,1574076570060,"Nov 18, 2019",3:29:30 AM,
84,1574076574037,"Nov 18, 2019",3:29:34 AM,
84,1574076580001,"Nov 18, 2019",3:29:40 AM,
74,1574076601465,"Nov 18, 2019",3:30:01 AM,
81,1574076602663,"Nov 18, 2019",3:30:02 AM,
86,1574076604307,"Nov 18, 2019",3:30:04 AM,
93,1574076606292,"Nov 18, 2019",3:30:06 AM,
100,1574076607085,"Nov 18, 2019",3:30:07 AM,
96,1574076608275,"Nov 18, 2019",3:30:08 AM,
97,1574076609869,"Nov 18, 2019",3:30:09 AM,
96,1574076611057,"Nov 18, 2019",3:30:11 AM,
96,1574076616627,"Nov 18, 2019",3:30:16 AM,
70,1574076641267,"Nov 18, 2019",3:30:41 AM,
80,1574076644853,"Nov 18, 2019",3:30:44 AM,
90,1574076646439,"Nov 18, 2019",3:30:46 AM,
86,1574076648424,"Nov 18, 2019",3:30:48 AM,
87,1574076649170,"Nov 18, 2019",3:30:49 AM,
86,1574076653194,"Nov 18, 2019",3:30:53 AM,
85,1574076656762,"Nov 18, 2019",3:30:56 AM,
84,1574076662339,"Nov 18, 2019",3:31:02 AM,
89,1574076663525,"Nov 18, 2019",3:31:03 AM,
86,1574076665114,"Nov 18, 2019",3:31:05 AM,
89,1574076665919,"Nov 18, 2019",3:31:05 AM,
93,1574076667108,"Nov 18, 2019",3:31:07 AM,
90,1574076669888,"Nov 18, 2019",3:31:09 AM,
94,1574076672260,"Nov 18, 2019",3:31:12 AM,
96,1574076673068,"Nov 18, 2019",3:31:13 AM,
97,1574076676247,"Nov 18, 2019",3:31:16 AM,
98,1574076677043,"Nov 18, 2019",3:31:17 AM,
99,1574076679030,"Nov 18, 2019",3:31:19 AM,
100,1574076679827,"Nov 18, 2019",3:31:19 AM,
99,1574076681416,"Nov 18, 2019",3:31:21 AM,
101,1574076683411,"Nov 18, 2019",3:31:23 AM,
99,1574076684198,"Nov 18, 2019",3:31:24 AM,
98,1574076688572,"Nov 18, 2019",3:31:28 AM,
97,1574076690957,"Nov 18, 2019",3:31:30 AM,
97,1574076697342,"Nov 18, 2019",3:31:37 AM,
96,1574076700101,"Nov 18, 2019",3:31:40 AM,
98,1574076701289,"Nov 18, 2019",3:31:41 AM,
99,1574076704501,"Nov 18, 2019",3:31:44 AM,
99,1574076709573,"Nov 18, 2019",3:31:49 AM,
99,1574076714007,"Nov 18, 2019",3:31:54 AM,
100,1574076716397,"Nov 18, 2019",3:31:56 AM,
101,1574076719184,"Nov 18, 2019",3:31:59 AM,
100,1574076721166,"Nov 18, 2019",3:32:01 AM,
102,1574076723157,"Nov 18, 2019",3:32:03 AM,
101,1574076724745,"Nov 18, 2019",3:32:04 AM,
64,1574076742236,"Nov 18, 2019",3:32:22 AM,
63,1574076852344,"Nov 18, 2019",3:34:12 AM,
66,1574076911963,"Nov 18, 2019",3:35:11 AM,
65,1574076913164,"Nov 18, 2019",3:35:13 AM,
68,1574076972393,"Nov 18, 2019",3:36:12 AM,
60,1574077031619,"Nov 18, 2019",3:37:11 AM,
60,1574077033205,"Nov 18, 2019",3:37:13 AM,
62,1574077092032,"Nov 18, 2019",3:38:12 AM,
66,1574077333316,"Nov 18, 2019",3:42:13 AM,
68,1574077394054,"Nov 18, 2019",3:43:14 AM,
65,1574077396120,"Nov 18, 2019",3:43:16 AM,
70,1574077397243,"Nov 18, 2019",3:43:17 AM,
58,1574077452500,"Nov 18, 2019",3:44:12 AM,
58,1574077452960,"Nov 18, 2019",3:44:12 AM,
59,1574077455739,"Nov 18, 2019",3:44:15 AM,
78,1574077572957,"Nov 18, 2019",3:46:12 AM,
68,1574077635812,"Nov 18, 2019",3:47:15 AM,
63,1574077692658,"Nov 18, 2019",3:48:12 AM,
64,1574077753074,"Nov 18, 2019",3:49:13 AM,
72,1574077835751,"Nov 18, 2019",3:50:35 AM,
74,1574077839334,"Nov 18, 2019",3:50:39 AM,
78,1574077842910,"Nov 18, 2019",3:50:42 AM,
79,1574077844104,"Nov 18, 2019",3:50:44 AM,
79,1574077851258,"Nov 18, 2019",3:50:51 AM,
81,1574077853247,"Nov 18, 2019",3:50:53 AM,
82,1574077854038,"Nov 18, 2019",3:50:54 AM,
83,1574077856828,"Nov 18, 2019",3:50:56 AM,
82,1574077858347,"Nov 18, 2019",3:50:58 AM,
83,1574077863179,"Nov 18, 2019",3:51:03 AM,
84,1574077865105,"Nov 18, 2019",3:51:05 AM,
88,1574077867076,"Nov 18, 2019",3:51:07 AM,
87,1574077867881,"Nov 18, 2019",3:51:07 AM,
85,1574077870653,"Nov 18, 2019",3:51:10 AM,
85,1574077876298,"Nov 18, 2019",3:51:16 AM,
84,1574077877892,"Nov 18, 2019",3:51:17 AM,
84,1574077883391,"Nov 18, 2019",3:51:23 AM,
70,1574077928289,"Nov 18, 2019",3:52:08 AM,
72,1574077929085,"Nov 18, 2019",3:52:09 AM,
68,1574077994353,"Nov 18, 2019",3:53:14 AM,
70,1574077995546,"Nov 18, 2019",3:53:15 AM,
71,1574078055914,"Nov 18, 2019",3:54:15 AM,
71,1574078057959,"Nov 18, 2019",3:54:17 AM,
60,1574078114396,"Nov 18, 2019",3:55:14 AM,
104,1574078232059,"Nov 18, 2019",3:57:12 AM,
97,1574078234049,"Nov 18, 2019",3:57:14 AM,
90,1574078234840,"Nov 18, 2019",3:57:14 AM,
87,1574078236433,"Nov 18, 2019",3:57:16 AM,
88,1574078238427,"Nov 18, 2019",3:57:18 AM,
86,1574078241196,"Nov 18, 2019",3:57:21 AM,
87,1574078241997,"Nov 18, 2019",3:57:21 AM,
87,1574078247895,"Nov 18, 2019",3:57:27 AM,
87,1574078253104,"Nov 18, 2019",3:57:33 AM,
60,1574078292478,"Nov 18, 2019",3:58:12 AM,
87,1574078412131,"Nov 18, 2019",4:00:12 AM,
87,1574078412918,"Nov 18, 2019",4:00:12 AM,
64,1574078543311,"Nov 18, 2019",4:02:23 AM,
64,1574078544110,"Nov 18, 2019",4:02:24 AM,
77,1574078567146,"Nov 18, 2019",4:02:47 AM,
70,1574078593395,"Nov 18, 2019",4:03:13 AM,
77,1574078623198,"Nov 18, 2019",4:03:43 AM,
78,1574078624787,"Nov 18, 2019",4:03:44 AM,
76,1574078626297,"Nov 18, 2019",4:03:46 AM,
53,1574078711769,"Nov 18, 2019",4:05:11 AM,
79,1574078891913,"Nov 18, 2019",4:08:11 AM,
82,1574078893499,"Nov 18, 2019",4:08:13 AM,
77,1574078987237,"Nov 18, 2019",4:09:47 AM,
84,1574078988034,"Nov 18, 2019",4:09:48 AM,
58,1574079071903,"Nov 18, 2019",4:11:11 AM,
62,1574079072698,"Nov 18, 2019",4:11:12 AM,
62,1574079135108,"Nov 18, 2019",4:12:15 AM,
62,1574079137889,"Nov 18, 2019",4:12:17 AM,
85,1574079252368,"Nov 18, 2019",4:14:12 AM,
85,1574079252765,"Nov 18, 2019",4:14:12 AM,
64,1574092451484,"Nov 18, 2019",7:54:11 AM,
63,1574092517950,"Nov 18, 2019",7:55:17 AM,
67,1574092571904,"Nov 18, 2019",7:56:11 AM,
72,1574092812279,"Nov 18, 2019",8:00:12 AM,
63,1574092813869,"Nov 18, 2019",8:00:13 AM,
75,1574092938683,"Nov 18, 2019",8:02:18 AM,
81,1574092996722,"Nov 18, 2019",8:03:16 AM,
79,1574092997519,"Nov 18, 2019",8:03:17 AM,
70,1574093055547,"Nov 18, 2019",8:04:15 AM,
70,1574093060723,"Nov 18, 2019",8:04:20 AM,
70,1574093066279,"Nov 18, 2019",8:04:26 AM,
70,1574093071845,"Nov 18, 2019",8:04:31 AM,
71,1574093073025,"Nov 18, 2019",8:04:33 AM,
72,1574093074627,"Nov 18, 2019",8:04:34 AM,
73,1574093078601,"Nov 18, 2019",8:04:38 AM,
73,1574093083772,"Nov 18, 2019",8:04:43 AM,
78,1574093085765,"Nov 18, 2019",8:04:45 AM,
76,1574093087348,"Nov 18, 2019",8:04:47 AM,
77,1574093088538,"Nov 18, 2019",8:04:48 AM,
76,1574093090526,"Nov 18, 2019",8:04:50 AM,
76,1574093095693,"Nov 18, 2019",8:04:55 AM,
75,1574093101260,"Nov 18, 2019",8:05:01 AM,
76,1574093102453,"Nov 18, 2019",8:05:02 AM,
76,1574093108016,"Nov 18, 2019",8:05:08 AM,
77,1574093112389,"Nov 18, 2019",8:05:12 AM,
64,1574093294846,"Nov 18, 2019",8:08:14 AM,
76,1574093296035,"Nov 18, 2019",8:08:16 AM,
75,1574093297626,"Nov 18, 2019",8:08:17 AM,
54,1574093476502,"Nov 18, 2019",8:11:16 AM,
54,1574093477690,"Nov 18, 2019",8:11:17 AM,
83,1574093652265,"Nov 18, 2019",8:14:12 AM,
85,1574093653850,"Nov 18, 2019",8:14:13 AM,
71,1574093772706,"Nov 18, 2019",8:16:12 AM,
68,1574093832328,"Nov 18, 2019",8:17:12 AM,
80,1574093893147,"Nov 18, 2019",8:18:13 AM,
70,1574093952375,"Nov 18, 2019",8:19:12 AM,
74,1574094015579,"Nov 18, 2019",8:20:15 AM,
74,1574094021538,"Nov 18, 2019",8:20:21 AM,
73,1574094026708,"Nov 18, 2019",8:20:26 AM,
75,1574094029494,"Nov 18, 2019",8:20:29 AM,
80,1574094033069,"Nov 18, 2019",8:20:33 AM,
82,1574094033443,"Nov 18, 2019",8:20:33 AM,
82,1574094039825,"Nov 18, 2019",8:20:39 AM,
81,1574094040619,"Nov 18, 2019",8:20:40 AM,
82,1574094044997,"Nov 18, 2019",8:20:44 AM,
83,1574094046987,"Nov 18, 2019",8:20:46 AM,
84,1574094051742,"Nov 18, 2019",8:20:51 AM,
85,1574094053738,"Nov 18, 2019",8:20:53 AM,
83,1574094054530,"Nov 18, 2019",8:20:54 AM,
82,1574094057318,"Nov 18, 2019",8:20:57 AM,
81,1574094060062,"Nov 18, 2019",8:21:00 AM,
80,1574094062879,"Nov 18, 2019",8:21:02 AM,
82,1574094064469,"Nov 18, 2019",8:21:04 AM,
87,1574094065657,"Nov 18, 2019",8:21:05 AM,
86,1574094067254,"Nov 18, 2019",8:21:07 AM,
87,1574094068446,"Nov 18, 2019",8:21:08 AM,
86,1574094070833,"Nov 18, 2019",8:21:10 AM,
90,1574094071227,"Nov 18, 2019",8:21:11 AM,
89,1574094073221,"Nov 18, 2019",8:21:13 AM,
88,1574094078012,"Nov 18, 2019",8:21:18 AM,
87,1574094080393,"Nov 18, 2019",8:21:20 AM,
86,1574094082754,"Nov 18, 2019",8:21:22 AM,
85,1574094085930,"Nov 18, 2019",8:21:25 AM,
90,1574094086732,"Nov 18, 2019",8:21:26 AM,
88,1574094088317,"Nov 18, 2019",8:21:28 AM,
90,1574094089511,"Nov 18, 2019",8:21:29 AM,
89,1574094092689,"Nov 18, 2019",8:21:32 AM,
91,1574094094677,"Nov 18, 2019",8:21:34 AM,
92,1574094095476,"Nov 18, 2019",8:21:35 AM,
93,1574094098656,"Nov 18, 2019",8:21:38 AM,
94,1574094099874,"Nov 18, 2019",8:21:39 AM,
93,1574094101043,"Nov 18, 2019",8:21:41 AM,
95,1574094102228,"Nov 18, 2019",8:21:42 AM,
96,1574094105755,"Nov 18, 2019",8:21:45 AM,
97,1574094106546,"Nov 18, 2019",8:21:46 AM,
98,1574094108193,"Nov 18, 2019",8:21:48 AM,
99,1574094109386,"Nov 18, 2019",8:21:49 AM,
97,1574094110580,"Nov 18, 2019",8:21:50 AM,
96,1574094112565,"Nov 18, 2019",8:21:52 AM,
95,1574094114958,"Nov 18, 2019",8:21:54 AM,
94,1574094117732,"Nov 18, 2019",8:21:57 AM,
95,1574094121714,"Nov 18, 2019",8:22:01 AM,
94,1574094124499,"Nov 18, 2019",8:22:04 AM,
99,1574094126902,"Nov 18, 2019",8:22:06 AM,
100,1574094127279,"Nov 18, 2019",8:22:07 AM,
102,1574094128865,"Nov 18, 2019",8:22:08 AM,
101,1574094131649,"Nov 18, 2019",8:22:11 AM,
101,1574094137207,"Nov 18, 2019",8:22:17 AM,
70,1574094151523,"Nov 18, 2019",8:22:31 AM,
80,1574094155817,"Nov 18, 2019",8:22:35 AM,
70,1574094181262,"Nov 18, 2019",8:23:01 AM,
97,1574094252412,"Nov 18, 2019",8:24:12 AM,
55,1574094253200,"Nov 18, 2019",8:24:13 AM,
59,1574094254869,"Nov 18, 2019",8:24:14 AM,
66,1574094256851,"Nov 18, 2019",8:24:16 AM,
73,1574094257592,"Nov 18, 2019",8:24:17 AM,
72,1574094259640,"Nov 18, 2019",8:24:19 AM,
74,1574094260429,"Nov 18, 2019",8:24:20 AM,
75,1574094264013,"Nov 18, 2019",8:24:24 AM,
76,1574094264404,"Nov 18, 2019",8:24:24 AM,
77,1574094266796,"Nov 18, 2019",8:24:26 AM,
82,1574094267192,"Nov 18, 2019",8:24:27 AM,
86,1574094268786,"Nov 18, 2019",8:24:28 AM,
90,1574094270775,"Nov 18, 2019",8:24:30 AM,
89,1574094271959,"Nov 18, 2019",8:24:31 AM,
91,1574094273490,"Nov 18, 2019",8:24:33 AM,
92,1574094274349,"Nov 18, 2019",8:24:34 AM,
93,1574094276659,"Nov 18, 2019",8:24:36 AM,
94,1574094277921,"Nov 18, 2019",8:24:37 AM,
95,1574094278719,"Nov 18, 2019",8:24:38 AM,
96,1574094280646,"Nov 18, 2019",8:24:40 AM,
97,1574094281433,"Nov 18, 2019",8:24:41 AM,
96,1574094284623,"Nov 18, 2019",8:24:44 AM,
95,1574094285410,"Nov 18, 2019",8:24:45 AM,
94,1574094287807,"Nov 18, 2019",8:24:47 AM,
96,1574094288593,"Nov 18, 2019",8:24:48 AM,
97,1574094292562,"Nov 18, 2019",8:24:52 AM,
97,1574094298988,"Nov 18, 2019",8:24:58 AM,
98,1574094299791,"Nov 18, 2019",8:24:59 AM,
98,1574094306543,"Nov 18, 2019",8:25:06 AM,
99,1574094308528,"Nov 18, 2019",8:25:08 AM,
97,1574094309331,"Nov 18, 2019",8:25:09 AM,
99,1574094310914,"Nov 18, 2019",8:25:10 AM,
98,1574094312901,"Nov 18, 2019",8:25:12 AM,
100,1574094313696,"Nov 18, 2019",8:25:13 AM,
101,1574094316084,"Nov 18, 2019",8:25:16 AM,
101,1574094320457,"Nov 18, 2019",8:25:20 AM,
100,1574094323238,"Nov 18, 2019",8:25:23 AM,
102,1574094325223,"Nov 18, 2019",8:25:25 AM,
103,1574094326825,"Nov 18, 2019",8:25:26 AM,
101,1574094327615,"Nov 18, 2019",8:25:27 AM,
100,1574094329580,"Nov 18, 2019",8:25:29 AM,
99,1574094330392,"Nov 18, 2019",8:25:30 AM,
98,1574094331918,"Nov 18, 2019",8:25:31 AM,
97,1574094334402,"Nov 18, 2019",8:25:34 AM,
96,1574094334770,"Nov 18, 2019",8:25:34 AM,
97,1574094336749,"Nov 18, 2019",8:25:36 AM,
98,1574094337564,"Nov 18, 2019",8:25:37 AM,
99,1574094338741,"Nov 18, 2019",8:25:38 AM,
100,1574094341522,"Nov 18, 2019",8:25:41 AM,
99,1574094344314,"Nov 18, 2019",8:25:44 AM,
100,1574094345839,"Nov 18, 2019",8:25:45 AM,
99,1574094347423,"Nov 18, 2019",8:25:47 AM,
98,1574094350669,"Nov 18, 2019",8:25:50 AM,
100,1574094351859,"Nov 18, 2019",8:25:51 AM,
101,1574094354192,"Nov 18, 2019",8:25:54 AM,
100,1574094355432,"Nov 18, 2019",8:25:55 AM,
99,1574094358621,"Nov 18, 2019",8:25:58 AM,
98,1574094359754,"Nov 18, 2019",8:25:59 AM,
97,1574094363307,"Nov 18, 2019",8:26:03 AM,
96,1574094364521,"Nov 18, 2019",8:26:04 AM,
97,1574094365703,"Nov 18, 2019",8:26:05 AM,
95,1574094366960,"Nov 18, 2019",8:26:06 AM,
97,1574094368153,"Nov 18, 2019",8:26:08 AM,
98,1574094370540,"Nov 18, 2019",8:26:10 AM,
99,1574094372127,"Nov 18, 2019",8:26:12 AM,
100,1574094373728,"Nov 18, 2019",8:26:13 AM,
101,1574094376504,"Nov 18, 2019",8:26:16 AM,
100,1574094379683,"Nov 18, 2019",8:26:19 AM,
99,1574094380872,"Nov 18, 2019",8:26:20 AM,
98,1574094382074,"Nov 18, 2019",8:26:22 AM,
100,1574094383662,"Nov 18, 2019",8:26:23 AM,
101,1574094386444,"Nov 18, 2019",8:26:26 AM,
102,1574094389227,"Nov 18, 2019",8:26:29 AM,
99,1574094393599,"Nov 18, 2019",8:26:33 AM,
98,1574094394792,"Nov 18, 2019",8:26:34 AM,
97,1574094396705,"Nov 18, 2019",8:26:36 AM,
96,1574094397572,"Nov 18, 2019",8:26:37 AM,
95,1574094399564,"Nov 18, 2019",8:26:39 AM,
94,1574094401940,"Nov 18, 2019",8:26:41 AM,
94,1574094406717,"Nov 18, 2019",8:26:46 AM,
96,1574094407520,"Nov 18, 2019",8:26:47 AM,
95,1574094408699,"Nov 18, 2019",8:26:48 AM,
96,1574094410293,"Nov 18, 2019",8:26:50 AM,
97,1574094411480,"Nov 18, 2019",8:26:51 AM,
97,1574094417470,"Nov 18, 2019",8:26:57 AM,
68,1574094432949,"Nov 18, 2019",8:27:12 AM,
66,1574094435734,"Nov 18, 2019",8:27:15 AM,
68,1574094437720,"Nov 18, 2019",8:27:17 AM,
75,1574094438513,"Nov 18, 2019",8:27:18 AM,
78,1574094440104,"Nov 18, 2019",8:27:20 AM,
83,1574094442481,"Nov 18, 2019",8:27:22 AM,
81,1574094444476,"Nov 18, 2019",8:27:24 AM,
83,1574094445275,"Nov 18, 2019",8:27:25 AM,
82,1574094446779,"Nov 18, 2019",8:27:26 AM,
81,1574094449562,"Nov 18, 2019",8:27:29 AM,
80,1574094452346,"Nov 18, 2019",8:27:32 AM,
81,1574094456331,"Nov 18, 2019",8:27:36 AM,
82,1574094458720,"Nov 18, 2019",8:27:38 AM,
81,1574094459519,"Nov 18, 2019",8:27:39 AM,
80,1574094462695,"Nov 18, 2019",8:27:42 AM,
85,1574094463486,"Nov 18, 2019",8:27:43 AM,
89,1574094465476,"Nov 18, 2019",8:27:45 AM,
87,1574094466270,"Nov 18, 2019",8:27:46 AM,
89,1574094467867,"Nov 18, 2019",8:27:47 AM,
89,1574094472631,"Nov 18, 2019",8:27:52 AM,
90,1574094473423,"Nov 18, 2019",8:27:53 AM,
89,1574094477415,"Nov 18, 2019",8:27:57 AM,
88,1574094480189,"Nov 18, 2019",8:28:00 AM,
89,1574094482976,"Nov 18, 2019",8:28:02 AM,
90,1574094484553,"Nov 18, 2019",8:28:04 AM,
91,1574094490126,"Nov 18, 2019",8:28:10 AM,
90,1574094491727,"Nov 18, 2019",8:28:11 AM,
94,1574094495684,"Nov 18, 2019",8:28:15 AM,
92,1574094497286,"Nov 18, 2019",8:28:17 AM,
93,1574094498466,"Nov 18, 2019",8:28:18 AM,
92,1574094500455,"Nov 18, 2019",8:28:20 AM,
92,1574094505620,"Nov 18, 2019",8:28:25 AM,
94,1574094508405,"Nov 18, 2019",8:28:28 AM,
95,1574094511189,"Nov 18, 2019",8:28:31 AM,
94,1574094514755,"Nov 18, 2019",8:28:34 AM,
95,1574094518355,"Nov 18, 2019",8:28:38 AM,
96,1574094521993,"Nov 18, 2019",8:28:41 AM,
97,1574094522782,"Nov 18, 2019",8:28:42 AM,
98,1574094523981,"Nov 18, 2019",8:28:43 AM,
99,1574094525099,"Nov 18, 2019",8:28:45 AM,
97,1574094526756,"Nov 18, 2019",8:28:46 AM,
96,1574094528745,"Nov 18, 2019",8:28:48 AM,
98,1574094529538,"Nov 18, 2019",8:28:49 AM,
97,1574094532323,"Nov 18, 2019",8:28:52 AM,
98,1574094533514,"Nov 18, 2019",8:28:53 AM,
97,1574094535835,"Nov 18, 2019",8:28:55 AM,
97,1574094540625,"Nov 18, 2019",8:29:00 AM,
98,1574094544973,"Nov 18, 2019",8:29:04 AM,
97,1574094546165,"Nov 18, 2019",8:29:06 AM,
96,1574094549743,"Nov 18, 2019",8:29:09 AM,
98,1574094550537,"Nov 18, 2019",8:29:10 AM,
98,1574094558886,"Nov 18, 2019",8:29:18 AM,
97,1574094559680,"Nov 18, 2019",8:29:19 AM,
96,1574094561668,"Nov 18, 2019",8:29:21 AM,
77,1574094579956,"Nov 18, 2019",8:29:39 AM,
82,1574094582736,"Nov 18, 2019",8:29:42 AM,
67,1574094612946,"Nov 18, 2019",8:30:12 AM,
64,1574094613343,"Nov 18, 2019",8:30:13 AM,
64,1574094619702,"Nov 18, 2019",8:30:19 AM,
54,1574094673762,"Nov 18, 2019",8:31:13 AM,
70,1574094701189,"Nov 18, 2019",8:31:41 AM,
69,1574094732592,"Nov 18, 2019",8:32:12 AM,
62,1574094736169,"Nov 18, 2019",8:32:16 AM,
61,1574094737759,"Nov 18, 2019",8:32:17 AM,
80,1574094880861,"Nov 18, 2019",8:34:40 AM,
90,1574094882053,"Nov 18, 2019",8:34:42 AM,
87,1574094883642,"Nov 18, 2019",8:34:43 AM,
90,1574094885630,"Nov 18, 2019",8:34:45 AM,
94,1574094886424,"Nov 18, 2019",8:34:46 AM,
92,1574094887616,"Nov 18, 2019",8:34:47 AM,
93,1574094889207,"Nov 18, 2019",8:34:49 AM,
91,1574094890399,"Nov 18, 2019",8:34:50 AM,
90,1574094893580,"Nov 18, 2019",8:34:53 AM,
89,1574094894772,"Nov 18, 2019",8:34:54 AM,
97,1574094936112,"Nov 18, 2019",8:35:36 AM,
104,1574094937704,"Nov 18, 2019",8:35:37 AM,
102,1574094939694,"Nov 18, 2019",8:35:39 AM,
102,1574094944858,"Nov 18, 2019",8:35:44 AM,
103,1574094946845,"Nov 18, 2019",8:35:46 AM,
103,1574094951616,"Nov 18, 2019",8:35:51 AM,
103,1574094956392,"Nov 18, 2019",8:35:56 AM,
103,1574094961948,"Nov 18, 2019",8:36:01 AM,
70,1574094975470,"Nov 18, 2019",8:36:15 AM,
70,1574094980632,"Nov 18, 2019",8:36:20 AM,
68,1574095033498,"Nov 18, 2019",8:37:13 AM,
78,1574095039071,"Nov 18, 2019",8:37:19 AM,
82,1574095040656,"Nov 18, 2019",8:37:20 AM,
83,1574095042640,"Nov 18, 2019",8:37:22 AM,
82,1574095043436,"Nov 18, 2019",8:37:23 AM,
83,1574095045428,"Nov 18, 2019",8:37:25 AM,
82,1574095046221,"Nov 18, 2019",8:37:26 AM,
84,1574095047808,"Nov 18, 2019",8:37:27 AM,
82,1574095050193,"Nov 18, 2019",8:37:30 AM,
83,1574095050592,"Nov 18, 2019",8:37:30 AM,
84,1574095054566,"Nov 18, 2019",8:37:34 AM,
85,1574095056951,"Nov 18, 2019",8:37:36 AM,
86,1574095057350,"Nov 18, 2019",8:37:37 AM,
87,1574095059734,"Nov 18, 2019",8:37:39 AM,
88,1574095060530,"Nov 18, 2019",8:37:40 AM,
93,1574095064504,"Nov 18, 2019",8:37:44 AM,
97,1574095066888,"Nov 18, 2019",8:37:46 AM,
101,1574095067287,"Nov 18, 2019",8:37:47 AM,
104,1574095068876,"Nov 18, 2019",8:37:48 AM,
106,1574095071265,"Nov 18, 2019",8:37:51 AM,
107,1574095071659,"Nov 18, 2019",8:37:51 AM,
108,1574095073646,"Nov 18, 2019",8:37:53 AM,
62,1574095097496,"Nov 18, 2019",8:38:17 AM,
73,1574095154340,"Nov 18, 2019",8:39:14 AM,
74,1574095155531,"Nov 18, 2019",8:39:15 AM,
74,1574095212378,"Nov 18, 2019",8:40:12 AM,
75,1574095213576,"Nov 18, 2019",8:40:13 AM,
69,1574095215155,"Nov 18, 2019",8:40:15 AM,
67,1574095244572,"Nov 18, 2019",8:40:44 AM,
64,1574095245367,"Nov 18, 2019",8:40:45 AM,
71,1574095249341,"Nov 18, 2019",8:40:49 AM,
73,1574095251725,"Nov 18, 2019",8:40:51 AM,
76,1574095253718,"Nov 18, 2019",8:40:53 AM,
77,1574095256495,"Nov 18, 2019",8:40:56 AM,
100,1574095380521,"Nov 18, 2019",8:43:00 AM,
107,1574095381313,"Nov 18, 2019",8:43:01 AM,
114,1574095382904,"Nov 18, 2019",8:43:02 AM,
114,1574095388068,"Nov 18, 2019",8:43:08 AM,
113,1574095388464,"Nov 18, 2019",8:43:08 AM,
112,1574095391238,"Nov 18, 2019",8:43:11 AM,
113,1574095394815,"Nov 18, 2019",8:43:14 AM,
114,1574095396817,"Nov 18, 2019",8:43:16 AM,
115,1574095399594,"Nov 18, 2019",8:43:19 AM,
114,1574095401586,"Nov 18, 2019",8:43:21 AM,
116,1574095403571,"Nov 18, 2019",8:43:23 AM,
117,1574095406757,"Nov 18, 2019",8:43:26 AM,
115,1574095409534,"Nov 18, 2019",8:43:29 AM,
116,1574095410728,"Nov 18, 2019",8:43:30 AM,
107,1574095425488,"Nov 18, 2019",8:43:45 AM,
104,1574095428314,"Nov 18, 2019",8:43:48 AM,
105,1574095428672,"Nov 18, 2019",8:43:48 AM,
104,1574095431048,"Nov 18, 2019",8:43:51 AM,
105,1574095432596,"Nov 18, 2019",8:43:52 AM,
104,1574095434628,"Nov 18, 2019",8:43:54 AM,
105,1574095435371,"Nov 18, 2019",8:43:55 AM,
104,1574095436949,"Nov 18, 2019",8:43:56 AM,
103,1574095439745,"Nov 18, 2019",8:43:59 AM,
102,1574095442518,"Nov 18, 2019",8:44:02 AM,
103,1574095443728,"Nov 18, 2019",8:44:03 AM,
103,1574095448484,"Nov 18, 2019",8:44:08 AM,
104,1574095449285,"Nov 18, 2019",8:44:09 AM,
103,1574095450931,"Nov 18, 2019",8:44:10 AM,
104,1574095452115,"Nov 18, 2019",8:44:12 AM,
105,1574095453765,"Nov 18, 2019",8:44:13 AM,
106,1574095456824,"Nov 18, 2019",8:44:16 AM,
105,1574095457618,"Nov 18, 2019",8:44:17 AM,
104,1574095459219,"Nov 18, 2019",8:44:19 AM,
103,1574095462787,"Nov 18, 2019",8:44:22 AM,
104,1574095463184,"Nov 18, 2019",8:44:23 AM,
104,1574095469554,"Nov 18, 2019",8:44:29 AM,
68,1574095516911,"Nov 18, 2019",8:45:16 AM,
65,1574095519639,"Nov 18, 2019",8:45:19 AM,
75,1574095520443,"Nov 18, 2019",8:45:20 AM,
82,1574095521646,"Nov 18, 2019",8:45:21 AM,
81,1574095524021,"Nov 18, 2019",8:45:24 AM,
86,1574095524813,"Nov 18, 2019",8:45:24 AM,
85,1574095526849,"Nov 18, 2019",8:45:26 AM,
87,1574095527648,"Nov 18, 2019",8:45:27 AM,
91,1574095528850,"Nov 18, 2019",8:45:28 AM,
95,1574095530827,"Nov 18, 2019",8:45:30 AM,
93,1574095531620,"Nov 18, 2019",8:45:31 AM,
94,1574095533554,"Nov 18, 2019",8:45:33 AM,
95,1574095537984,"Nov 18, 2019",8:45:37 AM,
96,1574095538374,"Nov 18, 2019",8:45:38 AM,
101,1574095540767,"Nov 18, 2019",8:45:40 AM,
103,1574095541158,"Nov 18, 2019",8:45:41 AM,
104,1574095544736,"Nov 18, 2019",8:45:44 AM,
109,1574095547519,"Nov 18, 2019",8:45:47 AM,
113,1574095548318,"Nov 18, 2019",8:45:48 AM,
110,1574095549906,"Nov 18, 2019",8:45:49 AM,
115,1574095552690,"Nov 18, 2019",8:45:52 AM,
117,1574095554679,"Nov 18, 2019",8:45:54 AM,
118,1574095556667,"Nov 18, 2019",8:45:56 AM,
117,1574095558653,"Nov 18, 2019",8:45:58 AM,
116,1574095561830,"Nov 18, 2019",8:46:01 AM,
117,1574095563774,"Nov 18, 2019",8:46:03 AM,
115,1574095565762,"Nov 18, 2019",8:46:05 AM,
116,1574095566551,"Nov 18, 2019",8:46:06 AM,
115,1574095568538,"Nov 18, 2019",8:46:08 AM,
114,1574095572969,"Nov 18, 2019",8:46:12 AM,
113,1574095575688,"Nov 18, 2019",8:46:15 AM,
112,1574095576548,"Nov 18, 2019",8:46:16 AM,
111,1574095578071,"Nov 18, 2019",8:46:18 AM,
110,1574095579725,"Nov 18, 2019",8:46:19 AM,
109,1574095580517,"Nov 18, 2019",8:46:20 AM,
108,1574095583304,"Nov 18, 2019",8:46:23 AM,
107,1574095587281,"Nov 18, 2019",8:46:27 AM,
108,1574095587677,"Nov 18, 2019",8:46:27 AM,
109,1574095590066,"Nov 18, 2019",8:46:30 AM,
110,1574095590859,"Nov 18, 2019",8:46:30 AM,
111,1574095592050,"Nov 18, 2019",8:46:32 AM,
112,1574095594054,"Nov 18, 2019",8:46:34 AM,
113,1574095594428,"Nov 18, 2019",8:46:34 AM,
112,1574095596821,"Nov 18, 2019",8:46:36 AM,
113,1574095597213,"Nov 18, 2019",8:46:37 AM,
114,1574095600328,"Nov 18, 2019",8:46:40 AM,
113,1574095601581,"Nov 18, 2019",8:46:41 AM,
114,1574095604763,"Nov 18, 2019",8:46:44 AM,
113,1574095605908,"Nov 18, 2019",8:46:45 AM,
117,1574095608689,"Nov 18, 2019",8:46:48 AM,
118,1574095610726,"Nov 18, 2019",8:46:50 AM,
120,1574095611520,"Nov 18, 2019",8:46:51 AM,
121,1574095612713,"Nov 18, 2019",8:46:52 AM,
122,1574095614293,"Nov 18, 2019",8:46:54 AM,
123,1574095615500,"Nov 18, 2019",8:46:55 AM,
123,1574095621060,"Nov 18, 2019",8:47:01 AM,
122,1574095624640,"Nov 18, 2019",8:47:04 AM,
121,1574095625440,"Nov 18, 2019",8:47:05 AM,
120,1574095626626,"Nov 18, 2019",8:47:06 AM,
119,1574095628202,"Nov 18, 2019",8:47:08 AM,
118,1574095629747,"Nov 18, 2019",8:47:09 AM,
117,1574095632588,"Nov 18, 2019",8:47:12 AM,
116,1574095635366,"Nov 18, 2019",8:47:15 AM,
115,1574095636565,"Nov 18, 2019",8:47:16 AM,
114,1574095638945,"Nov 18, 2019",8:47:18 AM,
113,1574095639295,"Nov 18, 2019",8:47:19 AM,
113,1574095645715,"Nov 18, 2019",8:47:25 AM,
112,1574095648033,"Nov 18, 2019",8:47:28 AM,
112,1574095653199,"Nov 18, 2019",8:47:33 AM,
111,1574095657570,"Nov 18, 2019",8:47:37 AM,
71,1574095817366,"Nov 18, 2019",8:50:17 AM,
66,1574095872626,"Nov 18, 2019",8:51:12 AM,
55,1574095877798,"Nov 18, 2019",8:51:17 AM,
102,1574095922756,"Nov 18, 2019",8:52:02 AM,
104,1574095924756,"Nov 18, 2019",8:52:04 AM,
104,1574095929858,"Nov 18, 2019",8:52:09 AM,
104,1574095935026,"Nov 18, 2019",8:52:15 AM,
104,1574095940591,"Nov 18, 2019",8:52:20 AM,
103,1574095942182,"Nov 18, 2019",8:52:22 AM,
104,1574095943770,"Nov 18, 2019",8:52:23 AM,
105,1574095946556,"Nov 18, 2019",8:52:26 AM,
104,1574095952515,"Nov 18, 2019",8:52:32 AM,
103,1574095954901,"Nov 18, 2019",8:52:34 AM,
102,1574095956096,"Nov 18, 2019",8:52:36 AM,
103,1574095958080,"Nov 18, 2019",8:52:38 AM,
103,1574095963250,"Nov 18, 2019",8:52:43 AM,
102,1574095964431,"Nov 18, 2019",8:52:44 AM,
102,1574095970391,"Nov 18, 2019",8:52:50 AM,
102,1574095975968,"Nov 18, 2019",8:52:55 AM,
67,1574095990278,"Nov 18, 2019",8:53:10 AM,
64,1574095992255,"Nov 18, 2019",8:53:12 AM,
63,1574095993049,"Nov 18, 2019",8:53:13 AM,
70,1574095994242,"Nov 18, 2019",8:53:14 AM,
77,1574095995436,"Nov 18, 2019",8:53:15 AM,
76,1574095997444,"Nov 18, 2019",8:53:17 AM,
78,1574095998286,"Nov 18, 2019",8:53:18 AM,
79,1574096001013,"Nov 18, 2019",8:53:21 AM,
80,1574096002647,"Nov 18, 2019",8:53:22 AM,
85,1574096004594,"Nov 18, 2019",8:53:24 AM,
84,1574096005392,"Nov 18, 2019",8:53:25 AM,
86,1574096006585,"Nov 18, 2019",8:53:26 AM,
87,1574096011798,"Nov 18, 2019",8:53:31 AM,
88,1574096013790,"Nov 18, 2019",8:53:33 AM,
87,1574096015379,"Nov 18, 2019",8:53:35 AM,
88,1574096016574,"Nov 18, 2019",8:53:36 AM,
89,1574096018562,"Nov 18, 2019",8:53:38 AM,
88,1574096019352,"Nov 18, 2019",8:53:39 AM,
87,1574096022132,"Nov 18, 2019",8:53:42 AM,
86,1574096026106,"Nov 18, 2019",8:53:46 AM,
87,1574096026508,"Nov 18, 2019",8:53:46 AM,
86,1574096029233,"Nov 18, 2019",8:53:49 AM,
86,1574096034809,"Nov 18, 2019",8:53:54 AM,
85,1574096035998,"Nov 18, 2019",8:53:55 AM,
86,1574096039573,"Nov 18, 2019",8:53:59 AM,
86,1574096044742,"Nov 18, 2019",8:54:04 AM,
87,1574096047924,"Nov 18, 2019",8:54:07 AM,
88,1574096049123,"Nov 18, 2019",8:54:09 AM,
89,1574096050312,"Nov 18, 2019",8:54:10 AM,
88,1574096051501,"Nov 18, 2019",8:54:11 AM,
87,1574096054285,"Nov 18, 2019",8:54:14 AM,
86,1574096055878,"Nov 18, 2019",8:54:15 AM,
85,1574096057459,"Nov 18, 2019",8:54:17 AM,
84,1574096058715,"Nov 18, 2019",8:54:18 AM,
85,1574096061093,"Nov 18, 2019",8:54:21 AM,
86,1574096061485,"Nov 18, 2019",8:54:21 AM,
87,1574096062681,"Nov 18, 2019",8:54:22 AM,
88,1574096064269,"Nov 18, 2019",8:54:24 AM,
87,1574096068643,"Nov 18, 2019",8:54:28 AM,
88,1574096069833,"Nov 18, 2019",8:54:29 AM,
89,1574096071425,"Nov 18, 2019",8:54:31 AM,
90,1574096074604,"Nov 18, 2019",8:54:34 AM,
91,1574096075406,"Nov 18, 2019",8:54:35 AM,
90,1574096081700,"Nov 18, 2019",8:54:41 AM,
95,1574096084145,"Nov 18, 2019",8:54:44 AM,
92,1574096085340,"Nov 18, 2019",8:54:45 AM,
98,1574096086529,"Nov 18, 2019",8:54:46 AM,
101,1574096088922,"Nov 18, 2019",8:54:48 AM,
104,1574096089311,"Nov 18, 2019",8:54:49 AM,
105,1574096090902,"Nov 18, 2019",8:54:50 AM,
106,1574096092099,"Nov 18, 2019",8:54:52 AM,
111,1574096093687,"Nov 18, 2019",8:54:53 AM,
112,1574096095672,"Nov 18, 2019",8:54:55 AM,
114,1574096096470,"Nov 18, 2019",8:54:56 AM,
116,1574096098054,"Nov 18, 2019",8:54:58 AM,
118,1574096099254,"Nov 18, 2019",8:54:59 AM,
116,1574096100845,"Nov 18, 2019",8:55:00 AM,
120,1574096103227,"Nov 18, 2019",8:55:03 AM,
121,1574096104818,"Nov 18, 2019",8:55:04 AM,
122,1574096106408,"Nov 18, 2019",8:55:06 AM,
121,1574096107595,"Nov 18, 2019",8:55:07 AM,
122,1574096113160,"Nov 18, 2019",8:55:13 AM,
121,1574096117535,"Nov 18, 2019",8:55:17 AM,
120,1574096120328,"Nov 18, 2019",8:55:20 AM,
119,1574096121463,"Nov 18, 2019",8:55:21 AM,
118,1574096123826,"Nov 18, 2019",8:55:23 AM,
117,1574096124621,"Nov 18, 2019",8:55:24 AM,
116,1574096127404,"Nov 18, 2019",8:55:27 AM,
116,1574096133377,"Nov 18, 2019",8:55:33 AM,
115,1574096134172,"Nov 18, 2019",8:55:34 AM,
116,1574096135763,"Nov 18, 2019",8:55:35 AM,
117,1574096137750,"Nov 18, 2019",8:55:37 AM,
118,1574096138545,"Nov 18, 2019",8:55:38 AM,
119,1574096140533,"Nov 18, 2019",8:55:40 AM,
120,1574096142521,"Nov 18, 2019",8:55:42 AM,
121,1574096144905,"Nov 18, 2019",8:55:44 AM,
122,1574096145303,"Nov 18, 2019",8:55:45 AM,
125,1574096148075,"Nov 18, 2019",8:55:48 AM,
127,1574096149677,"Nov 18, 2019",8:55:49 AM,
128,1574096151662,"Nov 18, 2019",8:55:51 AM,
128,1574096156830,"Nov 18, 2019",8:55:56 AM,
127,1574096161600,"Nov 18, 2019",8:56:01 AM,
125,1574096165576,"Nov 18, 2019",8:56:05 AM,
126,1574096166377,"Nov 18, 2019",8:56:06 AM,
127,1574096170731,"Nov 18, 2019",8:56:10 AM,
127,1574096175512,"Nov 18, 2019",8:56:15 AM,
126,1574096176297,"Nov 18, 2019",8:56:16 AM,
128,1574096177500,"Nov 18, 2019",8:56:17 AM,
128,1574096182670,"Nov 18, 2019",8:56:22 AM,
129,1574096184654,"Nov 18, 2019",8:56:24 AM,
130,1574096187437,"Nov 18, 2019",8:56:27 AM,
131,1574096189424,"Nov 18, 2019",8:56:29 AM,
132,1574096191810,"Nov 18, 2019",8:56:31 AM,
131,1574096196580,"Nov 18, 2019",8:56:36 AM,
130,1574096197773,"Nov 18, 2019",8:56:37 AM,
129,1574096201339,"Nov 18, 2019",8:56:41 AM,
129,1574096208107,"Nov 18, 2019",8:56:48 AM,
129,1574096213277,"Nov 18, 2019",8:56:53 AM,
129,1574096218034,"Nov 18, 2019",8:56:58 AM,
128,1574096218436,"Nov 18, 2019",8:56:58 AM,
127,1574096222417,"Nov 18, 2019",8:57:02 AM,
126,1574096226790,"Nov 18, 2019",8:57:06 AM,
126,1574096231559,"Nov 18, 2019",8:57:11 AM,
126,1574096236329,"Nov 18, 2019",8:57:16 AM,
74,1574096274490,"Nov 18, 2019",8:57:54 AM,
72,1574096276477,"Nov 18, 2019",8:57:56 AM,
79,1574096278862,"Nov 18, 2019",8:57:58 AM,
86,1574096280849,"Nov 18, 2019",8:58:00 AM,
84,1574096281645,"Nov 18, 2019",8:58:01 AM,
85,1574096283632,"Nov 18, 2019",8:58:03 AM,
86,1574096284428,"Nov 18, 2019",8:58:04 AM,
87,1574096285620,"Nov 18, 2019",8:58:05 AM,
88,1574096287606,"Nov 18, 2019",8:58:07 AM,
89,1574096288402,"Nov 18, 2019",8:58:08 AM,
88,1574096290389,"Nov 18, 2019",8:58:10 AM,
90,1574096291185,"Nov 18, 2019",8:58:11 AM,
91,1574096292774,"Nov 18, 2019",8:58:12 AM,
92,1574096294762,"Nov 18, 2019",8:58:14 AM,
97,1574096295556,"Nov 18, 2019",8:58:15 AM,
96,1574096297545,"Nov 18, 2019",8:58:17 AM,
101,1574096298736,"Nov 18, 2019",8:58:18 AM,
99,1574096299532,"Nov 18, 2019",8:58:19 AM,
100,1574096301917,"Nov 18, 2019",8:58:21 AM,
99,1574096302315,"Nov 18, 2019",8:58:22 AM,
100,1574096304700,"Nov 18, 2019",8:58:24 AM,
100,1574096309469,"Nov 18, 2019",8:58:29 AM,
101,1574096313841,"Nov 18, 2019",8:58:33 AM,
101,1574096318612,"Nov 18, 2019",8:58:38 AM,
100,1574096319407,"Nov 18, 2019",8:58:39 AM,
99,1574096320600,"Nov 18, 2019",8:58:40 AM,
98,1574096322985,"Nov 18, 2019",8:58:42 AM,
97,1574096323382,"Nov 18, 2019",8:58:43 AM,
98,1574096325767,"Nov 18, 2019",8:58:45 AM,
97,1574096326165,"Nov 18, 2019",8:58:46 AM,
101,1574096327755,"Nov 18, 2019",8:58:47 AM,
102,1574096329742,"Nov 18, 2019",8:58:49 AM,
103,1574096330537,"Nov 18, 2019",8:58:50 AM,
103,1574096336896,"Nov 18, 2019",8:58:56 AM,
102,1574096337692,"Nov 18, 2019",8:58:57 AM,
101,1574096339681,"Nov 18, 2019",8:58:59 AM,
100,1574096340475,"Nov 18, 2019",8:59:00 AM,
99,1574096341668,"Nov 18, 2019",8:59:01 AM,
100,1574096344450,"Nov 18, 2019",8:59:04 AM,
101,1574096347234,"Nov 18, 2019",8:59:07 AM,
102,1574096353592,"Nov 18, 2019",8:59:13 AM,
101,1574096358362,"Nov 18, 2019",8:59:18 AM,
102,1574096360747,"Nov 18, 2019",8:59:20 AM,
103,1574096362735,"Nov 18, 2019",8:59:22 AM,
102,1574096364324,"Nov 18, 2019",8:59:24 AM,
103,1574096369890,"Nov 18, 2019",8:59:29 AM,
104,1574096372672,"Nov 18, 2019",8:59:32 AM,
105,1574096378236,"Nov 18, 2019",8:59:38 AM,
106,1574096381814,"Nov 18, 2019",8:59:41 AM,
107,1574096382212,"Nov 18, 2019",8:59:42 AM,
108,1574096383802,"Nov 18, 2019",8:59:43 AM,
109,1574096384994,"Nov 18, 2019",8:59:44 AM,
108,1574096390548,"Nov 18, 2019",8:59:50 AM,
107,1574096393739,"Nov 18, 2019",8:59:53 AM,
108,1574096397714,"Nov 18, 2019",8:59:57 AM,
107,1574096399306,"Nov 18, 2019",8:59:59 AM,
106,1574096403280,"Nov 18, 2019",9:00:03 AM,
106,1574096409638,"Nov 18, 2019",9:00:09 AM,
106,1574096414410,"Nov 18, 2019",9:00:14 AM,
107,1574096416794,"Nov 18, 2019",9:00:16 AM,
106,1574096417192,"Nov 18, 2019",9:00:17 AM,
107,1574096420372,"Nov 18, 2019",9:00:20 AM,
108,1574096423605,"Nov 18, 2019",9:00:23 AM,
109,1574096424355,"Nov 18, 2019",9:00:24 AM,
110,1574096425925,"Nov 18, 2019",9:00:25 AM,
112,1574096427128,"Nov 18, 2019",9:00:27 AM,
113,1574096430706,"Nov 18, 2019",9:00:30 AM,
112,1574096431490,"Nov 18, 2019",9:00:31 AM,
111,1574096434283,"Nov 18, 2019",9:00:34 AM,
112,1574096438259,"Nov 18, 2019",9:00:38 AM,
110,1574096439850,"Nov 18, 2019",9:00:39 AM,
113,1574096441041,"Nov 18, 2019",9:00:41 AM,
112,1574096442630,"Nov 18, 2019",9:00:42 AM,
113,1574096445475,"Nov 18, 2019",9:00:45 AM,
112,1574096446658,"Nov 18, 2019",9:00:46 AM,
111,1574096449395,"Nov 18, 2019",9:00:49 AM,
113,1574096451784,"Nov 18, 2019",9:00:51 AM,
112,1574096452581,"Nov 18, 2019",9:00:52 AM,
113,1574096453831,"Nov 18, 2019",9:00:53 AM,
112,1574096455409,"Nov 18, 2019",9:00:55 AM,
111,1574096458593,"Nov 18, 2019",9:00:58 AM,
110,1574096463758,"Nov 18, 2019",9:01:03 AM,
109,1574096469319,"Nov 18, 2019",9:01:09 AM,
110,1574096474885,"Nov 18, 2019",9:01:14 AM,
109,1574096479651,"Nov 18, 2019",9:01:19 AM,
110,1574096480452,"Nov 18, 2019",9:01:20 AM,
111,1574096486817,"Nov 18, 2019",9:01:26 AM,
110,1574096487612,"Nov 18, 2019",9:01:27 AM,
109,1574096490391,"Nov 18, 2019",9:01:30 AM,
111,1574096493573,"Nov 18, 2019",9:01:33 AM,
109,1574096494380,"Nov 18, 2019",9:01:34 AM,
110,1574096495953,"Nov 18, 2019",9:01:35 AM,
109,1574096497101,"Nov 18, 2019",9:01:37 AM,
111,1574096498700,"Nov 18, 2019",9:01:38 AM,
110,1574096500722,"Nov 18, 2019",9:01:40 AM,
109,1574096501521,"Nov 18, 2019",9:01:41 AM,
111,1574096503101,"Nov 18, 2019",9:01:43 AM,
112,1574096505437,"Nov 18, 2019",9:01:45 AM,
111,1574096507415,"Nov 18, 2019",9:01:47 AM,
113,1574096509814,"Nov 18, 2019",9:01:49 AM,
111,1574096510607,"Nov 18, 2019",9:01:50 AM,
110,1574096514637,"Nov 18, 2019",9:01:54 AM,
111,1574096517420,"Nov 18, 2019",9:01:57 AM,
112,1574096519811,"Nov 18, 2019",9:01:59 AM,
110,1574096521795,"Nov 18, 2019",9:02:01 AM,
111,1574096523782,"Nov 18, 2019",9:02:03 AM,
112,1574096524584,"Nov 18, 2019",9:02:04 AM,
113,1574096526568,"Nov 18, 2019",9:02:06 AM,
112,1574096530935,"Nov 18, 2019",9:02:10 AM,
111,1574096531729,"Nov 18, 2019",9:02:11 AM,
110,1574096533659,"Nov 18, 2019",9:02:13 AM,
111,1574096535654,"Nov 18, 2019",9:02:15 AM,
112,1574096537642,"Nov 18, 2019",9:02:17 AM,
113,1574096538439,"Nov 18, 2019",9:02:18 AM,
112,1574096541266,"Nov 18, 2019",9:02:21 AM,
111,1574096542860,"Nov 18, 2019",9:02:22 AM,
110,1574096544849,"Nov 18, 2019",9:02:24 AM,
109,1574096547640,"Nov 18, 2019",9:02:27 AM,
108,1574096548429,"Nov 18, 2019",9:02:28 AM,
107,1574096552395,"Nov 18, 2019",9:02:32 AM,
106,1574096558766,"Nov 18, 2019",9:02:38 AM,
105,1574096559551,"Nov 18, 2019",9:02:39 AM,
104,1574096562279,"Nov 18, 2019",9:02:42 AM,
104,1574096566717,"Nov 18, 2019",9:02:46 AM,
105,1574096568697,"Nov 18, 2019",9:02:48 AM,
106,1574096570628,"Nov 18, 2019",9:02:50 AM,
107,1574096573428,"Nov 18, 2019",9:02:53 AM,
106,1574096576207,"Nov 18, 2019",9:02:56 AM,
109,1574096577802,"Nov 18, 2019",9:02:57 AM,
110,1574096580184,"Nov 18, 2019",9:03:00 AM,
108,1574096580566,"Nov 18, 2019",9:03:00 AM,
107,1574096582557,"Nov 18, 2019",9:03:02 AM,
106,1574096583368,"Nov 18, 2019",9:03:03 AM,
108,1574096586140,"Nov 18, 2019",9:03:06 AM,
107,1574096587718,"Nov 18, 2019",9:03:07 AM,
106,1574096590103,"Nov 18, 2019",9:03:10 AM,
105,1574096590502,"Nov 18, 2019",9:03:10 AM,
104,1574096594478,"Nov 18, 2019",9:03:14 AM,
103,1574096597258,"Nov 18, 2019",9:03:17 AM,
105,1574096598849,"Nov 18, 2019",9:03:18 AM,
106,1574096600041,"Nov 18, 2019",9:03:20 AM,
105,1574096601631,"Nov 18, 2019",9:03:21 AM,
107,1574096603620,"Nov 18, 2019",9:03:23 AM,
107,1574096608388,"Nov 18, 2019",9:03:28 AM,
106,1574096610838,"Nov 18, 2019",9:03:30 AM,
107,1574096611236,"Nov 18, 2019",9:03:31 AM,
109,1574096614805,"Nov 18, 2019",9:03:34 AM,
113,1574096615999,"Nov 18, 2019",9:03:35 AM,
111,1574096617589,"Nov 18, 2019",9:03:37 AM,
112,1574096618381,"Nov 18, 2019",9:03:38 AM,
112,1574096624749,"Nov 18, 2019",9:03:44 AM,
98,1574096699870,"Nov 18, 2019",9:04:59 AM,
105,1574096700270,"Nov 18, 2019",9:05:00 AM,
106,1574096701863,"Nov 18, 2019",9:05:01 AM,
113,1574096703446,"Nov 18, 2019",9:05:03 AM,
111,1574096704646,"Nov 18, 2019",9:05:04 AM,
112,1574096707027,"Nov 18, 2019",9:05:07 AM,
111,1574096707424,"Nov 18, 2019",9:05:07 AM,
112,1574096711770,"Nov 18, 2019",9:05:11 AM,
110,1574096713786,"Nov 18, 2019",9:05:13 AM,
109,1574096714573,"Nov 18, 2019",9:05:14 AM,
110,1574096715774,"Nov 18, 2019",9:05:15 AM,
110,1574096720940,"Nov 18, 2019",9:05:20 AM,
109,1574096722926,"Nov 18, 2019",9:05:22 AM,
110,1574096725711,"Nov 18, 2019",9:05:25 AM,
108,1574096727702,"Nov 18, 2019",9:05:27 AM,
109,1574096731312,"Nov 18, 2019",9:05:31 AM,
110,1574096733271,"Nov 18, 2019",9:05:33 AM,
111,1574096734878,"Nov 18, 2019",9:05:34 AM,
113,1574096736841,"Nov 18, 2019",9:05:36 AM,
114,1574096738431,"Nov 18, 2019",9:05:38 AM,
115,1574096742401,"Nov 18, 2019",9:05:42 AM,
114,1574096743994,"Nov 18, 2019",9:05:43 AM,
114,1574096748766,"Nov 18, 2019",9:05:48 AM,
115,1574096749555,"Nov 18, 2019",9:05:49 AM,
116,1574096750746,"Nov 18, 2019",9:05:50 AM,
117,1574096752345,"Nov 18, 2019",9:05:52 AM,
118,1574096755924,"Nov 18, 2019",9:05:55 AM,
117,1574096756320,"Nov 18, 2019",9:05:56 AM,
116,1574096759500,"Nov 18, 2019",9:05:59 AM,
115,1574096760690,"Nov 18, 2019",9:06:00 AM,
114,1574096762679,"Nov 18, 2019",9:06:02 AM,
113,1574096763471,"Nov 18, 2019",9:06:03 AM,
112,1574096765463,"Nov 18, 2019",9:06:05 AM,
111,1574096766263,"Nov 18, 2019",9:06:06 AM,
110,1574096767845,"Nov 18, 2019",9:06:07 AM,
110,1574096772613,"Nov 18, 2019",9:06:12 AM,
109,1574096774551,"Nov 18, 2019",9:06:14 AM,
108,1574096777391,"Nov 18, 2019",9:06:17 AM,
107,1574096779708,"Nov 18, 2019",9:06:19 AM,
106,1574096780563,"Nov 18, 2019",9:06:20 AM,
105,1574096781753,"Nov 18, 2019",9:06:21 AM,
104,1574096784539,"Nov 18, 2019",9:06:24 AM,
105,1574096790904,"Nov 18, 2019",9:06:30 AM,
103,1574096796067,"Nov 18, 2019",9:06:36 AM,
102,1574096797655,"Nov 18, 2019",9:06:37 AM,
101,1574096798461,"Nov 18, 2019",9:06:38 AM,
103,1574096800838,"Nov 18, 2019",9:06:40 AM,
102,1574096801238,"Nov 18, 2019",9:06:41 AM,
101,1574096805598,"Nov 18, 2019",9:06:45 AM,
103,1574096807593,"Nov 18, 2019",9:06:47 AM,
107,1574096808388,"Nov 18, 2019",9:06:48 AM,
108,1574096811966,"Nov 18, 2019",9:06:51 AM,
109,1574096815150,"Nov 18, 2019",9:06:55 AM,
108,1574096817133,"Nov 18, 2019",9:06:57 AM,
108,1574096821849,"Nov 18, 2019",9:07:01 AM,
113,1574096825878,"Nov 18, 2019",9:07:05 AM,
111,1574096826670,"Nov 18, 2019",9:07:06 AM,
112,1574096828661,"Nov 18, 2019",9:07:08 AM,
110,1574096829453,"Nov 18, 2019",9:07:09 AM,
109,1574096830646,"Nov 18, 2019",9:07:10 AM,
110,1574096832633,"Nov 18, 2019",9:07:12 AM,
109,1574096837800,"Nov 18, 2019",9:07:17 AM,
109,1574096842574,"Nov 18, 2019",9:07:22 AM,
67,1574096889881,"Nov 18, 2019",9:08:09 AM,
64,1574096890669,"Nov 18, 2019",9:08:10 AM,
71,1574096891804,"Nov 18, 2019",9:08:11 AM,
71,1574096896633,"Nov 18, 2019",9:08:16 AM,
70,1574096948702,"Nov 18, 2019",9:09:08 AM,
92,1574096949499,"Nov 18, 2019",9:09:09 AM,
94,1574096950697,"Nov 18, 2019",9:09:10 AM,
67,1574096968583,"Nov 18, 2019",9:09:28 AM,
80,1574096969772,"Nov 18, 2019",9:09:29 AM,
90,1574096971768,"Nov 18, 2019",9:09:31 AM,
83,1574096972561,"Nov 18, 2019",9:09:32 AM,
80,1574096974541,"Nov 18, 2019",9:09:34 AM,
87,1574096975338,"Nov 18, 2019",9:09:35 AM,
84,1574096976925,"Nov 18, 2019",9:09:36 AM,
86,1574096979308,"Nov 18, 2019",9:09:39 AM,
85,1574096979709,"Nov 18, 2019",9:09:39 AM,
88,1574096981639,"Nov 18, 2019",9:09:41 AM,
90,1574096982491,"Nov 18, 2019",9:09:42 AM,
93,1574096983687,"Nov 18, 2019",9:09:43 AM,
94,1574096986068,"Nov 18, 2019",9:09:46 AM,
96,1574096986465,"Nov 18, 2019",9:09:46 AM,
70,1574097019404,"Nov 18, 2019",9:10:19 AM,
80,1574097021385,"Nov 18, 2019",9:10:21 AM,
87,1574097022246,"Nov 18, 2019",9:10:22 AM,
97,1574097023832,"Nov 18, 2019",9:10:23 AM,
107,1574097025820,"Nov 18, 2019",9:10:25 AM,
106,1574097026613,"Nov 18, 2019",9:10:26 AM,
107,1574097028603,"Nov 18, 2019",9:10:28 AM,
106,1574097029397,"Nov 18, 2019",9:10:29 AM,
107,1574097035759,"Nov 18, 2019",9:10:35 AM,
108,1574097037751,"Nov 18, 2019",9:10:37 AM,
107,1574097039733,"Nov 18, 2019",9:10:39 AM,
107,1574097044904,"Nov 18, 2019",9:10:44 AM,
106,1574097046889,"Nov 18, 2019",9:10:46 AM,
105,1574097047683,"Nov 18, 2019",9:10:47 AM,
105,1574097054049,"Nov 18, 2019",9:10:54 AM,
104,1574097057227,"Nov 18, 2019",9:10:57 AM,
103,1574097058811,"Nov 18, 2019",9:10:58 AM,
108,1574097064378,"Nov 18, 2019",9:11:04 AM,
107,1574097065963,"Nov 18, 2019",9:11:05 AM,
108,1574097067950,"Nov 18, 2019",9:11:07 AM,
70,1574097130363,"Nov 18, 2019",9:12:10 AM,
80,1574097133141,"Nov 18, 2019",9:12:13 AM,
86,1574097134741,"Nov 18, 2019",9:12:14 AM,
83,1574097136722,"Nov 18, 2019",9:12:16 AM,
84,1574097137516,"Nov 18, 2019",9:12:17 AM,
83,1574097138662,"Nov 18, 2019",9:12:18 AM,
84,1574097141442,"Nov 18, 2019",9:12:21 AM,
83,1574097143818,"Nov 18, 2019",9:12:23 AM,
82,1574097147010,"Nov 18, 2019",9:12:27 AM,
82,1574097153019,"Nov 18, 2019",9:12:33 AM,
83,1574097154215,"Nov 18, 2019",9:12:34 AM,
88,1574097155801,"Nov 18, 2019",9:12:35 AM,
90,1574097158185,"Nov 18, 2019",9:12:38 AM,
89,1574097161361,"Nov 18, 2019",9:12:41 AM,
89,1574097166934,"Nov 18, 2019",9:12:46 AM,
80,1574097252393,"Nov 18, 2019",9:14:12 AM,
67,1574097290552,"Nov 18, 2019",9:14:50 AM,
64,1574097291744,"Nov 18, 2019",9:14:51 AM,
61,1574097293732,"Nov 18, 2019",9:14:53 AM,
71,1574097294536,"Nov 18, 2019",9:14:54 AM,
76,1574097295721,"Nov 18, 2019",9:14:55 AM,
76,1574097300894,"Nov 18, 2019",9:15:00 AM,
74,1574097302881,"Nov 18, 2019",9:15:02 AM,
95,1574097317579,"Nov 18, 2019",9:15:17 AM,
92,1574097318376,"Nov 18, 2019",9:15:18 AM,
67,1574097357732,"Nov 18, 2019",9:15:57 AM,
64,1574097359720,"Nov 18, 2019",9:15:59 AM,
61,1574097360514,"Nov 18, 2019",9:16:00 AM,
71,1574097361705,"Nov 18, 2019",9:16:01 AM,
81,1574097363296,"Nov 18, 2019",9:16:03 AM,
76,1574097364488,"Nov 18, 2019",9:16:04 AM,
78,1574097366869,"Nov 18, 2019",9:16:06 AM,
77,1574097367268,"Nov 18, 2019",9:16:07 AM,
78,1574097368863,"Nov 18, 2019",9:16:08 AM,
79,1574097370051,"Nov 18, 2019",9:16:10 AM,
84,1574097373629,"Nov 18, 2019",9:16:13 AM,
88,1574097374430,"Nov 18, 2019",9:16:14 AM,
86,1574097375620,"Nov 18, 2019",9:16:15 AM,
87,1574097377207,"Nov 18, 2019",9:16:17 AM,
107,1574097432858,"Nov 18, 2019",9:17:12 AM,
114,1574097434850,"Nov 18, 2019",9:17:14 AM,
119,1574097436835,"Nov 18, 2019",9:17:16 AM,
116,1574097437632,"Nov 18, 2019",9:17:17 AM,
117,1574097439621,"Nov 18, 2019",9:17:19 AM,
118,1574097441603,"Nov 18, 2019",9:17:21 AM,
117,1574097443986,"Nov 18, 2019",9:17:23 AM,
116,1574097444753,"Nov 18, 2019",9:17:24 AM,
116,1574097450749,"Nov 18, 2019",9:17:30 AM,
116,1574097456312,"Nov 18, 2019",9:17:36 AM,
116,1574097461081,"Nov 18, 2019",9:17:41 AM,
116,1574097465460,"Nov 18, 2019",9:17:45 AM,
116,1574097472212,"Nov 18, 2019",9:17:52 AM,
116,1574097476984,"Nov 18, 2019",9:17:56 AM,
116,1574097481748,"Nov 18, 2019",9:18:01 AM,
116,1574097486522,"Nov 18, 2019",9:18:06 AM,
116,1574097492083,"Nov 18, 2019",9:18:12 AM,
116,1574097497654,"Nov 18, 2019",9:18:17 AM,
117,1574097500432,"Nov 18, 2019",9:18:20 AM,
116,1574097502821,"Nov 18, 2019",9:18:22 AM,
117,1574097504762,"Nov 18, 2019",9:18:24 AM,
118,1574097506406,"Nov 18, 2019",9:18:26 AM,
119,1574097507584,"Nov 18, 2019",9:18:27 AM,
120,1574097509573,"Nov 18, 2019",9:18:29 AM,
121,1574097511960,"Nov 18, 2019",9:18:31 AM,
120,1574097514673,"Nov 18, 2019",9:18:34 AM,
119,1574097517466,"Nov 18, 2019",9:18:37 AM,
120,1574097520250,"Nov 18, 2019",9:18:40 AM,
121,1574097521430,"Nov 18, 2019",9:18:41 AM,
120,1574097523830,"Nov 18, 2019",9:18:43 AM,
119,1574097525823,"Nov 18, 2019",9:18:45 AM,
119,1574097530584,"Nov 18, 2019",9:18:50 AM,
120,1574097535750,"Nov 18, 2019",9:18:55 AM,
121,1574097537740,"Nov 18, 2019",9:18:57 AM,
122,1574097538534,"Nov 18, 2019",9:18:58 AM,
121,1574097542508,"Nov 18, 2019",9:19:02 AM,
121,1574097548073,"Nov 18, 2019",9:19:08 AM,
122,1574097549664,"Nov 18, 2019",9:19:09 AM,
123,1574097552446,"Nov 18, 2019",9:19:12 AM,
122,1574097558808,"Nov 18, 2019",9:19:18 AM,
122,1574097563577,"Nov 18, 2019",9:19:23 AM,
123,1574097569158,"Nov 18, 2019",9:19:29 AM,
122,1574097570735,"Nov 18, 2019",9:19:30 AM,
122,1574097576301,"Nov 18, 2019",9:19:36 AM,
123,1574097579488,"Nov 18, 2019",9:19:39 AM,
122,1574097580272,"Nov 18, 2019",9:19:40 AM,
121,1574097583055,"Nov 18, 2019",9:19:43 AM,
120,1574097586636,"Nov 18, 2019",9:19:46 AM,
119,1574097588609,"Nov 18, 2019",9:19:48 AM,
118,1574097591409,"Nov 18, 2019",9:19:51 AM,
120,1574097593798,"Nov 18, 2019",9:19:53 AM,
119,1574097594583,"Nov 18, 2019",9:19:54 AM,
118,1574097598561,"Nov 18, 2019",9:19:58 AM,
117,1574097600543,"Nov 18, 2019",9:20:00 AM,
70,1574097619623,"Nov 18, 2019",9:20:19 AM,
77,1574097624393,"Nov 18, 2019",9:20:24 AM,
78,1574097625189,"Nov 18, 2019",9:20:25 AM,
77,1574097626772,"Nov 18, 2019",9:20:26 AM,
67,1574097668559,"Nov 18, 2019",9:21:08 AM,
64,1574097669326,"Nov 18, 2019",9:21:09 AM,
61,1574097670921,"Nov 18, 2019",9:21:10 AM,
71,1574097672107,"Nov 18, 2019",9:21:12 AM,
81,1574097673696,"Nov 18, 2019",9:21:13 AM,
76,1574097675679,"Nov 18, 2019",9:21:15 AM,
82,1574097676865,"Nov 18, 2019",9:21:16 AM,
79,1574097678442,"Nov 18, 2019",9:21:18 AM,
85,1574097679247,"Nov 18, 2019",9:21:19 AM,
84,1574097680838,"Nov 18, 2019",9:21:20 AM,
86,1574097683223,"Nov 18, 2019",9:21:23 AM,
87,1574097683621,"Nov 18, 2019",9:21:23 AM,
88,1574097684802,"Nov 18, 2019",9:21:24 AM,
87,1574097686394,"Nov 18, 2019",9:21:26 AM,
89,1574097687597,"Nov 18, 2019",9:21:27 AM,
90,1574097689585,"Nov 18, 2019",9:21:29 AM,
91,1574097690380,"Nov 18, 2019",9:21:30 AM,
92,1574097691970,"Nov 18, 2019",9:21:31 AM,
97,1574097693161,"Nov 18, 2019",9:21:33 AM,
98,1574097694752,"Nov 18, 2019",9:21:34 AM,
100,1574097696738,"Nov 18, 2019",9:21:36 AM,
101,1574097701508,"Nov 18, 2019",9:21:41 AM,
103,1574097704291,"Nov 18, 2019",9:21:44 AM,
102,1574097705882,"Nov 18, 2019",9:21:45 AM,
105,1574097707074,"Nov 18, 2019",9:21:47 AM,
106,1574097708664,"Nov 18, 2019",9:21:48 AM,
107,1574097710651,"Nov 18, 2019",9:21:50 AM,
105,1574097711446,"Nov 18, 2019",9:21:51 AM,
107,1574097713434,"Nov 18, 2019",9:21:53 AM,
108,1574097715818,"Nov 18, 2019",9:21:55 AM,
107,1574097717806,"Nov 18, 2019",9:21:57 AM,
108,1574097718592,"Nov 18, 2019",9:21:58 AM,
107,1574097720592,"Nov 18, 2019",9:22:00 AM,
106,1574097722979,"Nov 18, 2019",9:22:02 AM,
105,1574097725347,"Nov 18, 2019",9:22:05 AM,
104,1574097731717,"Nov 18, 2019",9:22:11 AM,
103,1574097734501,"Nov 18, 2019",9:22:14 AM,
102,1574097736487,"Nov 18, 2019",9:22:16 AM,
101,1574097741655,"Nov 18, 2019",9:22:21 AM,
100,1574097743644,"Nov 18, 2019",9:22:23 AM,
104,1574097746438,"Nov 18, 2019",9:22:26 AM,
103,1574097748401,"Nov 18, 2019",9:22:28 AM,
105,1574097749197,"Nov 18, 2019",9:22:29 AM,
104,1574097750787,"Nov 18, 2019",9:22:30 AM,
106,1574097753571,"Nov 18, 2019",9:22:33 AM,
104,1574097755570,"Nov 18, 2019",9:22:35 AM,
103,1574097756365,"Nov 18, 2019",9:22:36 AM,
102,1574097757561,"Nov 18, 2019",9:22:37 AM,
101,1574097759946,"Nov 18, 2019",9:22:39 AM,
102,1574097762725,"Nov 18, 2019",9:22:42 AM,
103,1574097765900,"Nov 18, 2019",9:22:45 AM,
102,1574097766705,"Nov 18, 2019",9:22:46 AM,
104,1574097767508,"Nov 18, 2019",9:22:47 AM,
102,1574097769914,"Nov 18, 2019",9:22:49 AM,
104,1574097770307,"Nov 18, 2019",9:22:50 AM,
109,1574097771879,"Nov 18, 2019",9:22:51 AM,
106,1574097773855,"Nov 18, 2019",9:22:53 AM,
108,1574097775060,"Nov 18, 2019",9:22:55 AM,
107,1574097776652,"Nov 18, 2019",9:22:56 AM,
112,1574097778640,"Nov 18, 2019",9:22:58 AM,
108,1574097780600,"Nov 18, 2019",9:23:00 AM,
107,1574097783392,"Nov 18, 2019",9:23:03 AM,
106,1574097784994,"Nov 18, 2019",9:23:04 AM,
105,1574097786195,"Nov 18, 2019",9:23:06 AM,
104,1574097789356,"Nov 18, 2019",9:23:09 AM,
103,1574097790552,"Nov 18, 2019",9:23:10 AM,
102,1574097791738,"Nov 18, 2019",9:23:11 AM,
101,1574097793331,"Nov 18, 2019",9:23:13 AM,
100,1574097794123,"Nov 18, 2019",9:23:14 AM,
101,1574097799679,"Nov 18, 2019",9:23:19 AM,
106,1574097800474,"Nov 18, 2019",9:23:20 AM,
103,1574097802473,"Nov 18, 2019",9:23:22 AM,
104,1574097803267,"Nov 18, 2019",9:23:23 AM,
105,1574097807641,"Nov 18, 2019",9:23:27 AM,
109,1574097809630,"Nov 18, 2019",9:23:29 AM,
110,1574097810423,"Nov 18, 2019",9:23:30 AM,
111,1574097811615,"Nov 18, 2019",9:23:31 AM,
112,1574097813604,"Nov 18, 2019",9:23:33 AM,
113,1574097817181,"Nov 18, 2019",9:23:37 AM,
114,1574097820759,"Nov 18, 2019",9:23:40 AM,
115,1574097821553,"Nov 18, 2019",9:23:41 AM,
117,1574097823542,"Nov 18, 2019",9:23:43 AM,
119,1574097825535,"Nov 18, 2019",9:23:45 AM,
120,1574097827924,"Nov 18, 2019",9:23:47 AM,
121,1574097828322,"Nov 18, 2019",9:23:48 AM,
119,1574097830712,"Nov 18, 2019",9:23:50 AM,
118,1574097832698,"Nov 18, 2019",9:23:52 AM,
117,1574097834671,"Nov 18, 2019",9:23:54 AM,
116,1574097837459,"Nov 18, 2019",9:23:57 AM,
117,1574097839843,"Nov 18, 2019",9:23:59 AM,
116,1574097841825,"Nov 18, 2019",9:24:01 AM,
116,1574097847006,"Nov 18, 2019",9:24:07 AM,
115,1574097849381,"Nov 18, 2019",9:24:09 AM,
114,1574097852173,"Nov 18, 2019",9:24:12 AM,
115,1574097856129,"Nov 18, 2019",9:24:16 AM,
114,1574097860514,"Nov 18, 2019",9:24:20 AM,
113,1574097863695,"Nov 18, 2019",9:24:23 AM,
114,1574097866482,"Nov 18, 2019",9:24:26 AM,
115,1574097867683,"Nov 18, 2019",9:24:27 AM,
115,1574097872468,"Nov 18, 2019",9:24:32 AM,
114,1574097873256,"Nov 18, 2019",9:24:33 AM,
115,1574097874832,"Nov 18, 2019",9:24:34 AM,
115,1574097879599,"Nov 18, 2019",9:24:39 AM,
115,1574097884360,"Nov 18, 2019",9:24:44 AM,
115,1574097890730,"Nov 18, 2019",9:24:50 AM,
114,1574097891517,"Nov 18, 2019",9:24:51 AM,
115,1574097895902,"Nov 18, 2019",9:24:55 AM,
115,1574097900680,"Nov 18, 2019",9:25:00 AM,
114,1574097901456,"Nov 18, 2019",9:25:01 AM,
113,1574097905835,"Nov 18, 2019",9:25:05 AM,
112,1574097909809,"Nov 18, 2019",9:25:09 AM,
114,1574097911802,"Nov 18, 2019",9:25:11 AM,
115,1574097912591,"Nov 18, 2019",9:25:12 AM,
116,1574097914579,"Nov 18, 2019",9:25:14 AM,
117,1574097916559,"Nov 18, 2019",9:25:16 AM,
119,1574097918949,"Nov 18, 2019",9:25:18 AM,
120,1574097919342,"Nov 18, 2019",9:25:19 AM,
122,1574097923728,"Nov 18, 2019",9:25:23 AM,
123,1574097926496,"Nov 18, 2019",9:25:26 AM,
123,1574097933269,"Nov 18, 2019",9:25:33 AM,
122,1574097937632,"Nov 18, 2019",9:25:37 AM,
121,1574097940421,"Nov 18, 2019",9:25:40 AM,
120,1574097943199,"Nov 18, 2019",9:25:43 AM,
119,1574097944791,"Nov 18, 2019",9:25:44 AM,
118,1574097946773,"Nov 18, 2019",9:25:46 AM,
117,1574097947573,"Nov 18, 2019",9:25:47 AM,
116,1574097950349,"Nov 18, 2019",9:25:50 AM,
115,1574097951941,"Nov 18, 2019",9:25:51 AM,
114,1574097953932,"Nov 18, 2019",9:25:53 AM,
113,1574097954750,"Nov 18, 2019",9:25:54 AM,
112,1574097956717,"Nov 18, 2019",9:25:56 AM,
111,1574097957511,"Nov 18, 2019",9:25:57 AM,
110,1574097958709,"Nov 18, 2019",9:25:58 AM,
109,1574097960291,"Nov 18, 2019",9:26:00 AM,
108,1574097961486,"Nov 18, 2019",9:26:01 AM,
107,1574097963074,"Nov 18, 2019",9:26:03 AM,
106,1574097964271,"Nov 18, 2019",9:26:04 AM,
105,1574097966255,"Nov 18, 2019",9:26:06 AM,
104,1574097967051,"Nov 18, 2019",9:26:07 AM,
104,1574097972614,"Nov 18, 2019",9:26:12 AM,
105,1574097974205,"Nov 18, 2019",9:26:14 AM,
106,1574097975395,"Nov 18, 2019",9:26:15 AM,
105,1574097978597,"Nov 18, 2019",9:26:18 AM,
104,1574097982553,"Nov 18, 2019",9:26:22 AM,
106,1574097984540,"Nov 18, 2019",9:26:24 AM,
104,1574097985733,"Nov 18, 2019",9:26:25 AM,
108,1574097986926,"Nov 18, 2019",9:26:26 AM,
107,1574097988120,"Nov 18, 2019",9:26:28 AM,
109,1574097989707,"Nov 18, 2019",9:26:29 AM,
107,1574097991689,"Nov 18, 2019",9:26:31 AM,
106,1574097992519,"Nov 18, 2019",9:26:32 AM,
105,1574097993693,"Nov 18, 2019",9:26:33 AM,
104,1574097995280,"Nov 18, 2019",9:26:35 AM,
102,1574097999240,"Nov 18, 2019",9:26:39 AM,
108,1574098001223,"Nov 18, 2019",9:26:41 AM,
109,1574098002010,"Nov 18, 2019",9:26:42 AM,
110,1574098003610,"Nov 18, 2019",9:26:43 AM,
110,1574098009173,"Nov 18, 2019",9:26:49 AM,
109,1574098010763,"Nov 18, 2019",9:26:50 AM,
108,1574098012751,"Nov 18, 2019",9:26:52 AM,
110,1574098013943,"Nov 18, 2019",9:26:53 AM,
110,1574098019509,"Nov 18, 2019",9:26:59 AM,
109,1574098020304,"Nov 18, 2019",9:27:00 AM,
108,1574098021894,"Nov 18, 2019",9:27:01 AM,
107,1574098023086,"Nov 18, 2019",9:27:03 AM,
106,1574098024676,"Nov 18, 2019",9:27:04 AM,
105,1574098027061,"Nov 18, 2019",9:27:07 AM,
104,1574098029049,"Nov 18, 2019",9:27:09 AM,
103,1574098031433,"Nov 18, 2019",9:27:11 AM,
103,1574098037383,"Nov 18, 2019",9:27:17 AM,
104,1574098040575,"Nov 18, 2019",9:27:20 AM,
105,1574098041370,"Nov 18, 2019",9:27:21 AM,
105,1574098046934,"Nov 18, 2019",9:27:26 AM,
104,1574098048525,"Nov 18, 2019",9:27:28 AM,
104,1574098054489,"Nov 18, 2019",9:27:34 AM,
104,1574098059654,"Nov 18, 2019",9:27:39 AM,
103,1574098062038,"Nov 18, 2019",9:27:42 AM,
71,1574098078734,"Nov 18, 2019",9:27:58 AM,
73,1574098080722,"Nov 18, 2019",9:28:00 AM,
67,1574098101797,"Nov 18, 2019",9:28:21 AM,
74,1574098102584,"Nov 18, 2019",9:28:22 AM,
77,1574098156246,"Nov 18, 2019",9:29:16 AM,
81,1574098216672,"Nov 18, 2019",9:30:16 AM,
82,1574098218661,"Nov 18, 2019",9:30:18 AM,
62,1574098273571,"Nov 18, 2019",9:31:13 AM,
68,1574098274761,"Nov 18, 2019",9:31:14 AM,
68,1574098277098,"Nov 18, 2019",9:31:17 AM,
71,1574098332400,"Nov 18, 2019",9:32:12 AM,
71,1574098333591,"Nov 18, 2019",9:32:13 AM,
74,1574098392421,"Nov 18, 2019",9:33:12 AM,
82,1574098632111,"Nov 18, 2019",9:37:12 AM,
76,1574098757717,"Nov 18, 2019",9:39:17 AM,
77,1574098873397,"Nov 18, 2019",9:41:13 AM,
72,1574098992241,"Nov 18, 2019",9:43:12 AM,
76,1574098993832,"Nov 18, 2019",9:43:13 AM,
73,1574099052665,"Nov 18, 2019",9:44:12 AM,
75,1574099053459,"Nov 18, 2019",9:44:13 AM,
68,1574099115871,"Nov 18, 2019",9:45:15 AM,
66,1574099116206,"Nov 18, 2019",9:45:16 AM,